This is LuaHBTeX, Version 1.24.0 (TeX Live 2026)  (format=lualatex 2026.4.10)  24 MAY 2026 14:22
 restricted system commands enabled.
 file:line:error style messages enabled.
**"c:/numodel-bundle/docs/Artikel gloeilamp.tex"
("c:/numodel-bundle/docs/Artikel gloeilamp.tex"
LaTeX2e <2025-11-01>
L3 programming layer <2026-01-19>
Lua module: luaotfload 2024-12-03 v3.29 Lua based OpenType font support
Lua module: lualibs 2023-07-13 v2.76 ConTeXt Lua standard libraries.
Lua module: lualibs-extended 2023-07-13 v2.76 ConTeXt Lua libraries -- extended collection.
luaotfload | conf : Root cache directory is "C:/Users/paulz/.texlive2026/texmf-var/luatex-cache/generic/names".
luaotfload | init : Loading fontloader "fontloader-2023-12-28.lua" from kpse-resolved path "c:/texlive/2025/texmf-dist/tex/luatex/luaotfload/fontloader-2023-12-28.lua".
Lua-only attribute luaotfload@noligature = 1
luaotfload | init : Context OpenType loader version 3.134
Inserting `luaotfload.node_processor' in `pre_linebreak_filter'.
Inserting `luaotfload.node_processor' in `hpack_filter'.
Inserting `luaotfload.glyph_stream' in `glyph_stream_provider'.
Inserting `luaotfload.define_font' in `define_font'.
Lua-only attribute luaotfload_color_attribute = 2
luaotfload | conf : Root cache directory is "C:/Users/paulz/.texlive2026/texmf-var/luatex-cache/generic/names".
Inserting `luaotfload.harf.strip_prefix' in `find_opentype_file'.
Inserting `luaotfload.harf.strip_prefix' in `find_truetype_file'.
Removing  `luaotfload.glyph_stream' from `glyph_stream_provider'.
Inserting `luaotfload.harf.glyphstream' in `glyph_stream_provider'.
Inserting `luaotfload.harf.finalize_vlist' in `post_linebreak_filter'.
Inserting `luaotfload.harf.finalize_hlist' in `hpack_filter'.
Inserting `luaotfload.cleanup_files' in `wrapup_run'.
Inserting `luaotfload.harf.finalize_unicode' in `finish_pdffile'.
Inserting `luaotfload.glyphinfo' in `glyph_info'.
Lua-only attribute luaotfload.letterspace_done = 3
Inserting `luaotfload.aux.set_sscale_dimens' in `luaotfload.patch_font'.
Inserting `luaotfload.aux.set_font_index' in `luaotfload.patch_font'.
Inserting `luaotfload.aux.patch_cambria_domh' in `luaotfload.patch_font'.
Inserting `luaotfload.aux.fixup_fontdata' in `luaotfload.patch_font_unsafe'.
Inserting `luaotfload.aux.set_capheight' in `luaotfload.patch_font'.
Inserting `luaotfload.aux.set_xheight' in `luaotfload.patch_font'.
Inserting `luaotfload.rewrite_fontname' in `luaotfload.patch_font'.
Inserting `tracingstacklevels' in `input_level_string'. (c:/texlive/2025/texmf-dist/tex/latex/exam/exam.cls
Document Class: exam 2023/07/09 Version 2.704 by Philip Hirschhorn
(c:/texlive/2025/texmf-dist/tex/latex/base/ifthen.sty
Package: ifthen 2024/03/16 v1.1e Standard LaTeX ifthen package (DPC)
) (c:/texlive/2025/texmf-dist/tex/latex/base/article.cls
Document Class: article 2025/01/22 v1.4n Standard LaTeX document class
(c:/texlive/2025/texmf-dist/tex/latex/base/size11.clo
File: size11.clo 2025/01/22 v1.4n Standard LaTeX file (size option)
luaotfload | db : Font names database loaded from C:/Users/paulz/.texlive2026/texmf-var/luatex-cache/generic/names/luaotfload-names.luc.gz)
\c@part=\count273
\c@section=\count274
\c@subsection=\count275
\c@subsubsection=\count276
\c@paragraph=\count277
\c@subparagraph=\count278
\c@figure=\count279
\c@table=\count280
\abovecaptionskip=\skip49
\belowcaptionskip=\skip50
\bibindent=\dimen147
)
\@extrawidth=\skip51
\@rightmargin=\skip52
\@extrahead=\skip53
\@extrafoot=\skip54
\run@exhd=\skip55
\fp@exhd=\skip56
\run@exft=\skip57
\fp@exft=\skip58
\covrun@exhd=\skip59
\covfp@exhd=\skip60
\covrun@exft=\skip61
\covfp@exft=\skip62
\c@num@coverpages=\count281
\c@latest@ques=\count282
\c@ques@end=\count283
\c@last@object=\count284
\c@incmp@ques=\count285
\c@next@ques=\count286
\c@next@page=\count287
\c@tmp@hlfcntr=\count288
\c@ifpos@cntr=\count289
\c@question=\count290
\c@partno=\count291
\c@subpart=\count292
\c@subsubpart=\count293
\c@choice=\count294
\c@numpoints=\count295
\c@numbonuspoints=\count296
\c@pointsof@thisquestion=\count297
\c@bonuspointsof@thisquestion=\count298
\c@numquestions=\count299
\c@numparts=\count300
\c@numsubparts=\count301
\c@numsubsubparts=\count302
\c@Curr@Page=\count303
\c@@pagepoints=\count304
\c@@pagebonuspoints=\count305
\c@pageof@pagepoints=\count306
\c@pageof@pagebonuspoints=\count307
\c@latest@points=\count308
\c@latest@bonuspoints=\count309
\pageinfo@commands=\toks17
\temp@toks=\toks18
\pagepoint@commands=\toks19
\point@toks=\toks20
\c@ques@object=\count310
\marginpointssep=\skip63
\rightpointsmargin=\skip64
\choice@toks=\toks21
\answerlinelength=\skip65
\answerskip=\skip66
\answerclearance=\skip67
\fillinlinelength=\skip68
\linefillheight=\skip69
\linefillthickness=\skip70
\dottedlinefillheight=\skip71
\gridsize=\skip72
\gridlinewidth=\skip73
\minboxheight=\skip74
\c@@iterator=\count311
\@cellwidth=\skip75
\c@tbl@points=\count312
\c@tbl@bonuspoints=\count313
\c@pq@index=\count314
\c@pq@index@pts=\count315
\c@pq@index@bpts=\count316
\c@num@cols=\count317
\c@num@rows=\count318
\c@current@row=\count319
\c@cols@done=\count320
\c@exam@saved@eqnum=\count321
\exam@box=\box53
\saved@totalleftmargin=\dimen148
\@sollistdepth=\count322
\exam@FrameRule=\dimen149
\exam@FrameSep=\dimen150
) (c:/texlive/2025/texmf-dist/tex/latex/fontspec/fontspec.sty (c:/texlive/2025/texmf-dist/tex/latex/l3packages/xparse/xparse.sty (c:/texlive/2025/texmf-dist/tex/latex/l3kernel/expl3.sty
Package: expl3 2026-01-19 L3 programming layer (loader) 
 (c:/texlive/2025/texmf-dist/tex/latex/l3backend/l3backend-luatex.def
File: l3backend-luatex.def 2025-10-09 L3 backend support: PDF output (LuaTeX)
\l__color_backend_stack_int=\count323
Inserting `l3color' in `luaotfload.parse_color'.))
Package: xparse 2025-10-09 L3 Experimental document command parser
)
Package: fontspec 2025/09/29 v2.9g Font selection for XeLaTeX and LuaLaTeX
Lua module: fontspec 2025/09/29 v2.9g Font selection for XeLaTeX and LuaLaTeX (c:/texlive/2025/texmf-dist/tex/latex/fontspec/fontspec-luatex.sty
Package: fontspec-luatex 2025/09/29 v2.9g Font selection for XeLaTeX and LuaLaTeX
\l__fontspec_script_int=\count324
\l__fontspec_language_int=\count325
\l__fontspec_strnum_int=\count326
\l__fontspec_tmp_int=\count327
\l__fontspec_tmpa_int=\count328
\l__fontspec_tmpb_int=\count329
\l__fontspec_tmpc_int=\count330
\l__fontspec_em_int=\count331
\l__fontspec_emdef_int=\count332
\l__fontspec_strong_int=\count333
\l__fontspec_strongdef_int=\count334
\l__fontspec_tmpa_dim=\dimen151
\l__fontspec_tmpb_dim=\dimen152
\l__fontspec_tmpc_dim=\dimen153
 (c:/texlive/2025/texmf-dist/tex/latex/base/fontenc.sty
Package: fontenc 2025/07/18 v2.1d Standard LaTeX package
) (c:/texlive/2025/texmf-dist/tex/latex/fontspec/fontspec.cfg))) (c:/texlive/2025/texmf-dist/tex/latex/hyperref/hyperref.sty
Package: hyperref 2026-01-29 v7.01p Hypertext links for LaTeX
 (c:/texlive/2025/texmf-dist/tex/generic/iftex/iftex.sty
Package: iftex 2024/12/12 v1.0g TeX engine tests
) (c:/texlive/2025/texmf-dist/tex/latex/graphics/keyval.sty
Package: keyval 2022/05/29 v1.15 key=value parser (DPC)
\KV@toks@=\toks22
) (c:/texlive/2025/texmf-dist/tex/latex/kvsetkeys/kvsetkeys.sty
Package: kvsetkeys 2022-10-05 v1.19 Key value parser (HO)
) (c:/texlive/2025/texmf-dist/tex/generic/kvdefinekeys/kvdefinekeys.sty
Package: kvdefinekeys 2019-12-19 v1.6 Define keys (HO)
) (c:/texlive/2025/texmf-dist/tex/generic/pdfescape/pdfescape.sty
Package: pdfescape 2019/12/09 v1.15 Implements pdfTeX's escape features (HO)
 (c:/texlive/2025/texmf-dist/tex/generic/ltxcmds/ltxcmds.sty
Package: ltxcmds 2023-12-04 v1.26 LaTeX kernel commands for general use (HO)
) (c:/texlive/2025/texmf-dist/tex/generic/pdftexcmds/pdftexcmds.sty
Package: pdftexcmds 2020-06-27 v0.33 Utility functions of pdfTeX for LuaTeX (HO)
 (c:/texlive/2025/texmf-dist/tex/generic/infwarerr/infwarerr.sty
Package: infwarerr 2019/12/03 v1.5 Providing info/warning/error messages (HO)
)
Package pdftexcmds Info: \pdf@primitive is available.
Package pdftexcmds Info: \pdf@ifprimitive is available.
Package pdftexcmds Info: \pdfdraftmode found.
\pdftexcmds@toks=\toks23
)) (c:/texlive/2025/texmf-dist/tex/latex/hycolor/hycolor.sty
Package: hycolor 2020-01-27 v1.10 Color options for hyperref/bookmark (HO)
) (c:/texlive/2025/texmf-dist/tex/latex/hyperref/nameref.sty
Package: nameref 2026-01-29 v2.58 Cross-referencing by name of section
 (c:/texlive/2025/texmf-dist/tex/latex/refcount/refcount.sty
Package: refcount 2019/12/15 v3.6 Data extraction from label references (HO)
) (c:/texlive/2025/texmf-dist/tex/generic/gettitlestring/gettitlestring.sty
Package: gettitlestring 2019/12/15 v1.6 Cleanup title references (HO)
 (c:/texlive/2025/texmf-dist/tex/latex/kvoptions/kvoptions.sty
Package: kvoptions 2022-06-15 v3.15 Key value format for package options (HO)
))
\c@section@level=\count335
) (c:/texlive/2025/texmf-dist/tex/latex/etoolbox/etoolbox.sty
Package: etoolbox 2025/10/02 v2.5m e-TeX tools for LaTeX (JAW)
\etb@tempcnta=\count336
) (c:/texlive/2025/texmf-dist/tex/generic/stringenc/stringenc.sty
Package: stringenc 2019/11/29 v1.12 Convert strings between diff. encodings (HO)
)
\@linkdim=\dimen154
\Hy@linkcounter=\count337
\Hy@pagecounter=\count338
 (c:/texlive/2025/texmf-dist/tex/latex/hyperref/pd1enc.def
File: pd1enc.def 2026-01-29 v7.01p Hyperref: PDFDocEncoding definition (HO)
) (c:/texlive/2025/texmf-dist/tex/generic/intcalc/intcalc.sty
Package: intcalc 2019/12/15 v1.3 Expandable calculations with integers (HO)
)
\Hy@SavedSpaceFactor=\count339
 (c:/texlive/2025/texmf-dist/tex/latex/hyperref/puenc.def
File: puenc.def 2026-01-29 v7.01p Hyperref: PDF Unicode definition (HO)
)
Package hyperref Info: Hyper figures OFF on input line 4201.
Package hyperref Info: Link nesting OFF on input line 4206.
Package hyperref Info: Hyper index ON on input line 4209.
Package hyperref Info: Plain pages OFF on input line 4216.
Package hyperref Info: Backreferencing OFF on input line 4221.
Package hyperref Info: Implicit mode ON; LaTeX internals redefined.
Package hyperref Info: Bookmarks ON on input line 4468.
\c@Hy@tempcnt=\count340
 (c:/texlive/2025/texmf-dist/tex/latex/url/url.sty
\Urlmuskip=\muskip17
Package: url 2013/09/16  ver 3.4  Verb mode for urls, etc.
)
LaTeX Info: Redefining \url on input line 4807.
\XeTeXLinkMargin=\dimen155
 (c:/texlive/2025/texmf-dist/tex/generic/bitset/bitset.sty
Package: bitset 2019/12/09 v1.3 Handle bit-vector datatype (HO)
 (c:/texlive/2025/texmf-dist/tex/generic/bigintcalc/bigintcalc.sty
Package: bigintcalc 2019/12/15 v1.5 Expandable calculations on big integers (HO)
))
\Fld@menulength=\count341
\Field@Width=\dimen156
\Fld@charsize=\dimen157
Package hyperref Info: Hyper figures OFF on input line 6084.
Package hyperref Info: Link nesting OFF on input line 6089.
Package hyperref Info: Hyper index ON on input line 6092.
Package hyperref Info: backreferencing OFF on input line 6099.
Package hyperref Info: Link coloring OFF on input line 6104.
Package hyperref Info: Link coloring with OCG OFF on input line 6109.
Package hyperref Info: PDF/A mode OFF on input line 6114.
\Hy@abspage=\count342
\c@Item=\count343
\c@Hfootnote=\count344
)
Package hyperref Info: Driver (autodetected): hluatex.
 (c:/texlive/2025/texmf-dist/tex/latex/hyperref/hluatex.def
File: hluatex.def 2026-01-29 v7.01p Hyperref driver for luaTeX
\Fld@listcount=\count345
\c@bookmark@seq@number=\count346
 (c:/texlive/2025/texmf-dist/tex/latex/rerunfilecheck/rerunfilecheck.sty
Package: rerunfilecheck 2025-06-21 v1.11 Rerun checks for auxiliary files (HO)
 (c:/texlive/2025/texmf-dist/tex/generic/uniquecounter/uniquecounter.sty
Package: uniquecounter 2019/12/15 v1.4 Provide unlimited unique counter (HO)
)
Package uniquecounter Info: New unique counter `rerunfilecheck' on input line 284.
)
\Hy@SectionHShift=\skip76
) (c:/texlive/2025/texmf-dist/tex/latex/caption/caption.sty
Package: caption 2023/08/05 v3.6o Customizing captions (AR)
 (c:/texlive/2025/texmf-dist/tex/latex/caption/caption3.sty
Package: caption3 2023/07/31 v2.4d caption3 kernel (AR)
\caption@tempdima=\dimen158
\captionmargin=\dimen159
\caption@leftmargin=\dimen160
\caption@rightmargin=\dimen161
\caption@width=\dimen162
\caption@indent=\dimen163
\caption@parindent=\dimen164
\caption@hangindent=\dimen165
Package caption Info: Standard document class detected.
)
\c@caption@flags=\count347
\c@continuedfloat=\count348
Package caption Info: hyperref package is loaded.
) (c:/texlive/2025/texmf-dist/tex/latex/siunitx/siunitx.sty
Package: siunitx 2025-07-09 v3.4.14 A comprehensive (SI) units package
\l__siunitx_number_uncert_offset_int=\count349
\l__siunitx_number_exponent_fixed_int=\count350
\l__siunitx_number_min_decimal_int=\count351
\l__siunitx_number_min_integer_int=\count352
\l__siunitx_number_round_precision_int=\count353
\l__siunitx_number_lower_threshold_int=\count354
\l__siunitx_number_upper_threshold_int=\count355
\l__siunitx_number_group_first_int=\count356
\l__siunitx_number_group_size_int=\count357
\l__siunitx_number_group_minimum_int=\count358
\l__siunitx_angle_tmp_dim=\dimen166
\l__siunitx_angle_marker_box=\box54
\l__siunitx_angle_unit_box=\box55
\l__siunitx_compound_count_int=\count359
 (c:/texlive/2025/texmf-dist/tex/latex/translations/translations.sty
Package: translations 2022/02/05 v1.12 internationalization of LaTeX2e packages (CN)
) (c:/texlive/2025/texmf-dist/tex/latex/amsmath/amstext.sty
Package: amstext 2024/11/17 v2.01 AMS text
 (c:/texlive/2025/texmf-dist/tex/latex/amsmath/amsgen.sty
File: amsgen.sty 1999/11/30 v2.0 generic functions
\@emptytoks=\toks24
\ex@=\dimen167
))
\l__siunitx_table_tmp_box=\box56
\l__siunitx_table_tmp_dim=\dimen168
\l__siunitx_table_column_width_dim=\dimen169
\l__siunitx_table_integer_box=\box57
\l__siunitx_table_decimal_box=\box58
\l__siunitx_table_uncert_box=\box59
\l__siunitx_table_before_box=\box60
\l__siunitx_table_after_box=\box61
\l__siunitx_table_before_dim=\dimen170
\l__siunitx_table_carry_dim=\dimen171
\l__siunitx_unit_tmp_int=\count360
\l__siunitx_unit_position_int=\count361
\l__siunitx_unit_total_int=\count362
 (c:/texlive/2025/texmf-dist/tex/latex/tools/array.sty
Package: array 2025/09/25 v2.6n Tabular extension package (FMi)
\col@sep=\dimen172
\ar@mcellbox=\box62
\extrarowheight=\dimen173
\NC@list=\toks25
\extratabsurround=\skip77
\backup@length=\skip78
\ar@cellbox=\box63
)) (c:/texlive/2025/texmf-dist/tex/latex/amsmath/amsmath.sty
Package: amsmath 2025/07/09 v2.17z AMS math features
\@mathmargin=\skip79

For additional information on amsmath, use the `?' option.
(c:/texlive/2025/texmf-dist/tex/latex/amsmath/amsbsy.sty
Package: amsbsy 1999/11/29 v1.2d Bold Symbols
\pmbraise@=\dimen174
) (c:/texlive/2025/texmf-dist/tex/latex/amsmath/amsopn.sty
Package: amsopn 2022/04/08 v2.04 operator names
)
\inf@bad=\count363
LaTeX Info: Redefining \frac on input line 235.
\uproot@=\count364
\leftroot@=\count365
LaTeX Info: Redefining \overline on input line 398.
LaTeX Info: Redefining \colon on input line 409.
\classnum@=\count366
\DOTSCASE@=\count367
LaTeX Info: Redefining \ldots on input line 495.
LaTeX Info: Redefining \dots on input line 498.
LaTeX Info: Redefining \cdots on input line 619.
\Mathstrutbox@=\box64
\strutbox@=\box65
LaTeX Info: Redefining \big on input line 721.
LaTeX Info: Redefining \Big on input line 722.
LaTeX Info: Redefining \bigg on input line 723.
LaTeX Info: Redefining \Bigg on input line 724.
\big@size=\dimen175
LaTeX Font Info:    Redeclaring font encoding OML on input line 742.
LaTeX Font Info:    Redeclaring font encoding OMS on input line 743.
\macc@depth=\count368
LaTeX Info: Redefining \bmod on input line 904.
LaTeX Info: Redefining \pmod on input line 909.
LaTeX Info: Redefining \smash on input line 939.
LaTeX Info: Redefining \relbar on input line 969.
LaTeX Info: Redefining \Relbar on input line 970.
\c@MaxMatrixCols=\count369
\dotsspace@=\muskip18
\c@parentequation=\count370
\dspbrk@lvl=\count371
\tag@help=\toks26
\row@=\count372
\column@=\count373
\maxfields@=\count374
\andhelp@=\toks27
\eqnshift@=\dimen176
\alignsep@=\dimen177
\tagshift@=\dimen178
\tagwidth@=\dimen179
\totwidth@=\dimen180
\lineht@=\dimen181
\@envbody=\toks28
\multlinegap=\skip80
\multlinetaggap=\skip81
\mathdisplay@stack=\toks29
LaTeX Info: Redefining \[ on input line 2950.
LaTeX Info: Redefining \] on input line 2951.
) (c:/texlive/2025/texmf-dist/tex/latex/amsfonts/amssymb.sty
Package: amssymb 2013/01/14 v3.01 AMS font symbols
 (c:/texlive/2025/texmf-dist/tex/latex/amsfonts/amsfonts.sty
Package: amsfonts 2013/01/14 v3.01 Basic AMSFonts support
\symAMSa=\mathgroup4
\symAMSb=\mathgroup5
LaTeX Font Info:    Redeclaring math symbol \hbar on input line 98.
LaTeX Font Info:    Overwriting math alphabet `\mathfrak' in version `bold'
(Font)                  U/euf/m/n --> U/euf/b/n on input line 106.
)) (c:/texlive/2025/texmf-dist/tex/latex/unicode-math/unicode-math.sty
Package: unicode-math 2023/08/13 v0.8r Unicode maths in XeLaTeX and LuaLaTeX
 (c:/texlive/2025/texmf-dist/tex/latex/unicode-math/unicode-math-luatex.sty
Package: unicode-math-luatex 2023/08/13 v0.8r Unicode maths in XeLaTeX and LuaLaTeX
 (c:/texlive/2025/texmf-dist/tex/latex/l3packages/l3keys2e/l3keys2e.sty
Package: l3keys2e 2025-10-09 LaTeX2e option processing using LaTeX3 keys
) (c:/texlive/2025/texmf-dist/tex/latex/base/fix-cm.sty
Package: fix-cm 2020/11/24 v1.1t fixes to LaTeX
 (c:/texlive/2025/texmf-dist/tex/latex/base/ts1enc.def
File: ts1enc.def 2001/06/05 v3.0e (jk/car/fm) Standard LaTeX file
LaTeX Font Info:    Redeclaring font encoding TS1 on input line 47.
LaTeX Encoding Info:    Redeclaring text command \capitalcedilla (encoding TS1) on input line 49.
LaTeX Encoding Info:    Redeclaring text command \capitalogonek (encoding TS1) on input line 52.
LaTeX Encoding Info:    Redeclaring text command \capitalgrave (encoding TS1) on input line 55.
LaTeX Encoding Info:    Redeclaring text command \capitalacute (encoding TS1) on input line 56.
LaTeX Encoding Info:    Redeclaring text command \capitalcircumflex (encoding TS1) on input line 57.
LaTeX Encoding Info:    Redeclaring text command \capitaltilde (encoding TS1) on input line 58.
LaTeX Encoding Info:    Redeclaring text command \capitaldieresis (encoding TS1) on input line 59.
LaTeX Encoding Info:    Redeclaring text command \capitalhungarumlaut (encoding TS1) on input line 60.
LaTeX Encoding Info:    Redeclaring text command \capitalring (encoding TS1) on input line 61.
LaTeX Encoding Info:    Redeclaring text command \capitalcaron (encoding TS1) on input line 62.
LaTeX Encoding Info:    Redeclaring text command \capitalbreve (encoding TS1) on input line 63.
LaTeX Encoding Info:    Redeclaring text command \capitalmacron (encoding TS1) on input line 64.
LaTeX Encoding Info:    Redeclaring text command \capitaldotaccent (encoding TS1) on input line 65.
LaTeX Encoding Info:    Redeclaring text command \t (encoding TS1) on input line 66.
LaTeX Encoding Info:    Redeclaring text command \capitaltie (encoding TS1) on input line 67.
LaTeX Encoding Info:    Redeclaring text command \newtie (encoding TS1) on input line 68.
LaTeX Encoding Info:    Redeclaring text command \capitalnewtie (encoding TS1) on input line 69.
LaTeX Encoding Info:    Redeclaring text symbol \textcapitalcompwordmark (encoding TS1) on input line 70.
LaTeX Encoding Info:    Redeclaring text symbol \textascendercompwordmark (encoding TS1) on input line 71.
LaTeX Encoding Info:    Redeclaring text symbol \textquotestraightbase (encoding TS1) on input line 72.
LaTeX Encoding Info:    Redeclaring text symbol \textquotestraightdblbase (encoding TS1) on input line 73.
LaTeX Encoding Info:    Redeclaring text symbol \texttwelveudash (encoding TS1) on input line 74.
LaTeX Encoding Info:    Redeclaring text symbol \textthreequartersemdash (encoding TS1) on input line 75.
LaTeX Encoding Info:    Redeclaring text symbol \textleftarrow (encoding TS1) on input line 76.
LaTeX Encoding Info:    Redeclaring text symbol \textrightarrow (encoding TS1) on input line 77.
LaTeX Encoding Info:    Redeclaring text symbol \textblank (encoding TS1) on input line 78.
LaTeX Encoding Info:    Redeclaring text symbol \textdollar (encoding TS1) on input line 79.
LaTeX Encoding Info:    Redeclaring text symbol \textquotesingle (encoding TS1) on input line 80.
LaTeX Encoding Info:    Redeclaring text command \textasteriskcentered (encoding TS1) on input line 81.
LaTeX Encoding Info:    Redeclaring text symbol \textdblhyphen (encoding TS1) on input line 92.
LaTeX Encoding Info:    Redeclaring text symbol \textfractionsolidus (encoding TS1) on input line 93.
LaTeX Encoding Info:    Redeclaring text symbol \textzerooldstyle (encoding TS1) on input line 94.
LaTeX Encoding Info:    Redeclaring text symbol \textoneoldstyle (encoding TS1) on input line 95.
LaTeX Encoding Info:    Redeclaring text symbol \texttwooldstyle (encoding TS1) on input line 96.
LaTeX Encoding Info:    Redeclaring text symbol \textthreeoldstyle (encoding TS1) on input line 97.
LaTeX Encoding Info:    Redeclaring text symbol \textfouroldstyle (encoding TS1) on input line 98.
LaTeX Encoding Info:    Redeclaring text symbol \textfiveoldstyle (encoding TS1) on input line 99.
LaTeX Encoding Info:    Redeclaring text symbol \textsixoldstyle (encoding TS1) on input line 100.
LaTeX Encoding Info:    Redeclaring text symbol \textsevenoldstyle (encoding TS1) on input line 101.
LaTeX Encoding Info:    Redeclaring text symbol \texteightoldstyle (encoding TS1) on input line 102.
LaTeX Encoding Info:    Redeclaring text symbol \textnineoldstyle (encoding TS1) on input line 103.
LaTeX Encoding Info:    Redeclaring text symbol \textlangle (encoding TS1) on input line 104.
LaTeX Encoding Info:    Redeclaring text symbol \textminus (encoding TS1) on input line 105.
LaTeX Encoding Info:    Redeclaring text symbol \textrangle (encoding TS1) on input line 106.
LaTeX Encoding Info:    Redeclaring text symbol \textmho (encoding TS1) on input line 107.
LaTeX Encoding Info:    Redeclaring text symbol \textbigcircle (encoding TS1) on input line 108.
LaTeX Encoding Info:    Redeclaring text command \textcircled (encoding TS1) on input line 109.
LaTeX Encoding Info:    Redeclaring text symbol \textohm (encoding TS1) on input line 115.
LaTeX Encoding Info:    Redeclaring text symbol \textlbrackdbl (encoding TS1) on input line 116.
LaTeX Encoding Info:    Redeclaring text symbol \textrbrackdbl (encoding TS1) on input line 117.
LaTeX Encoding Info:    Redeclaring text symbol \textuparrow (encoding TS1) on input line 118.
LaTeX Encoding Info:    Redeclaring text symbol \textdownarrow (encoding TS1) on input line 119.
LaTeX Encoding Info:    Redeclaring text symbol \textasciigrave (encoding TS1) on input line 120.
LaTeX Encoding Info:    Redeclaring text symbol \textborn (encoding TS1) on input line 121.
LaTeX Encoding Info:    Redeclaring text symbol \textdivorced (encoding TS1) on input line 122.
LaTeX Encoding Info:    Redeclaring text symbol \textdied (encoding TS1) on input line 123.
LaTeX Encoding Info:    Redeclaring text symbol \textleaf (encoding TS1) on input line 124.
LaTeX Encoding Info:    Redeclaring text symbol \textmarried (encoding TS1) on input line 125.
LaTeX Encoding Info:    Redeclaring text symbol \textmusicalnote (encoding TS1) on input line 126.
LaTeX Encoding Info:    Redeclaring text symbol \texttildelow (encoding TS1) on input line 127.
LaTeX Encoding Info:    Redeclaring text symbol \textdblhyphenchar (encoding TS1) on input line 128.
LaTeX Encoding Info:    Redeclaring text symbol \textasciibreve (encoding TS1) on input line 129.
LaTeX Encoding Info:    Redeclaring text symbol \textasciicaron (encoding TS1) on input line 130.
LaTeX Encoding Info:    Redeclaring text symbol \textacutedbl (encoding TS1) on input line 131.
LaTeX Encoding Info:    Redeclaring text symbol \textgravedbl (encoding TS1) on input line 132.
LaTeX Encoding Info:    Redeclaring text symbol \textdagger (encoding TS1) on input line 133.
LaTeX Encoding Info:    Redeclaring text symbol \textdaggerdbl (encoding TS1) on input line 134.
LaTeX Encoding Info:    Redeclaring text symbol \textbardbl (encoding TS1) on input line 135.
LaTeX Encoding Info:    Redeclaring text symbol \textperthousand (encoding TS1) on input line 136.
LaTeX Encoding Info:    Redeclaring text symbol \textbullet (encoding TS1) on input line 137.
LaTeX Encoding Info:    Redeclaring text symbol \textcelsius (encoding TS1) on input line 138.
LaTeX Encoding Info:    Redeclaring text symbol \textdollaroldstyle (encoding TS1) on input line 139.
LaTeX Encoding Info:    Redeclaring text symbol \textcentoldstyle (encoding TS1) on input line 140.
LaTeX Encoding Info:    Redeclaring text symbol \textflorin (encoding TS1) on input line 141.
LaTeX Encoding Info:    Redeclaring text symbol \textcolonmonetary (encoding TS1) on input line 142.
LaTeX Encoding Info:    Redeclaring text symbol \textwon (encoding TS1) on input line 143.
LaTeX Encoding Info:    Redeclaring text symbol \textnaira (encoding TS1) on input line 144.
LaTeX Encoding Info:    Redeclaring text symbol \textguarani (encoding TS1) on input line 145.
LaTeX Encoding Info:    Redeclaring text symbol \textpeso (encoding TS1) on input line 146.
LaTeX Encoding Info:    Redeclaring text symbol \textlira (encoding TS1) on input line 147.
LaTeX Encoding Info:    Redeclaring text symbol \textrecipe (encoding TS1) on input line 148.
LaTeX Encoding Info:    Redeclaring text symbol \textinterrobang (encoding TS1) on input line 149.
LaTeX Encoding Info:    Redeclaring text symbol \textinterrobangdown (encoding TS1) on input line 150.
LaTeX Encoding Info:    Redeclaring text symbol \textdong (encoding TS1) on input line 151.
LaTeX Encoding Info:    Redeclaring text symbol \texttrademark (encoding TS1) on input line 152.
LaTeX Encoding Info:    Redeclaring text symbol \textpertenthousand (encoding TS1) on input line 153.
LaTeX Encoding Info:    Redeclaring text symbol \textpilcrow (encoding TS1) on input line 154.
LaTeX Encoding Info:    Redeclaring text symbol \textbaht (encoding TS1) on input line 155.
LaTeX Encoding Info:    Redeclaring text symbol \textnumero (encoding TS1) on input line 156.
LaTeX Encoding Info:    Redeclaring text symbol \textdiscount (encoding TS1) on input line 157.
LaTeX Encoding Info:    Redeclaring text symbol \textestimated (encoding TS1) on input line 158.
LaTeX Encoding Info:    Redeclaring text symbol \textopenbullet (encoding TS1) on input line 159.
LaTeX Encoding Info:    Redeclaring text symbol \textservicemark (encoding TS1) on input line 160.
LaTeX Encoding Info:    Redeclaring text symbol \textlquill (encoding TS1) on input line 161.
LaTeX Encoding Info:    Redeclaring text symbol \textrquill (encoding TS1) on input line 162.
LaTeX Encoding Info:    Redeclaring text symbol \textcent (encoding TS1) on input line 163.
LaTeX Encoding Info:    Redeclaring text symbol \textsterling (encoding TS1) on input line 164.
LaTeX Encoding Info:    Redeclaring text symbol \textcurrency (encoding TS1) on input line 165.
LaTeX Encoding Info:    Redeclaring text symbol \textyen (encoding TS1) on input line 166.
LaTeX Encoding Info:    Redeclaring text symbol \textbrokenbar (encoding TS1) on input line 167.
LaTeX Encoding Info:    Redeclaring text symbol \textsection (encoding TS1) on input line 168.
LaTeX Encoding Info:    Redeclaring text symbol \textasciidieresis (encoding TS1) on input line 169.
LaTeX Encoding Info:    Redeclaring text symbol \textcopyright (encoding TS1) on input line 170.
LaTeX Encoding Info:    Redeclaring text symbol \textordfeminine (encoding TS1) on input line 171.
LaTeX Encoding Info:    Redeclaring text symbol \textcopyleft (encoding TS1) on input line 172.
LaTeX Encoding Info:    Redeclaring text symbol \textlnot (encoding TS1) on input line 173.
LaTeX Encoding Info:    Redeclaring text symbol \textcircledP (encoding TS1) on input line 174.
LaTeX Encoding Info:    Redeclaring text symbol \textregistered (encoding TS1) on input line 175.
LaTeX Encoding Info:    Redeclaring text symbol \textasciimacron (encoding TS1) on input line 176.
LaTeX Encoding Info:    Redeclaring text symbol \textdegree (encoding TS1) on input line 177.
LaTeX Encoding Info:    Redeclaring text symbol \textpm (encoding TS1) on input line 178.
LaTeX Encoding Info:    Redeclaring text symbol \texttwosuperior (encoding TS1) on input line 179.
LaTeX Encoding Info:    Redeclaring text symbol \textthreesuperior (encoding TS1) on input line 180.
LaTeX Encoding Info:    Redeclaring text symbol \textasciiacute (encoding TS1) on input line 181.
LaTeX Encoding Info:    Redeclaring text symbol \textmu (encoding TS1) on input line 182.
LaTeX Encoding Info:    Redeclaring text symbol \textparagraph (encoding TS1) on input line 183.
LaTeX Encoding Info:    Redeclaring text symbol \textperiodcentered (encoding TS1) on input line 184.
LaTeX Encoding Info:    Redeclaring text symbol \textreferencemark (encoding TS1) on input line 185.
LaTeX Encoding Info:    Redeclaring text symbol \textonesuperior (encoding TS1) on input line 186.
LaTeX Encoding Info:    Redeclaring text symbol \textordmasculine (encoding TS1) on input line 187.
LaTeX Encoding Info:    Redeclaring text symbol \textsurd (encoding TS1) on input line 188.
LaTeX Encoding Info:    Redeclaring text symbol \textonequarter (encoding TS1) on input line 189.
LaTeX Encoding Info:    Redeclaring text symbol \textonehalf (encoding TS1) on input line 190.
LaTeX Encoding Info:    Redeclaring text symbol \textthreequarters (encoding TS1) on input line 191.
LaTeX Encoding Info:    Redeclaring text symbol \texteuro (encoding TS1) on input line 192.
LaTeX Encoding Info:    Redeclaring text symbol \texttimes (encoding TS1) on input line 193.
LaTeX Encoding Info:    Redeclaring text symbol \textdiv (encoding TS1) on input line 194.
)) (c:/texlive/2025/texmf-dist/tex/lualatex/lualatex-math/lualatex-math.sty
Package: lualatex-math 2022/01/01 v1.12 Patches for mathematics typesetting with LuaLaTeX
Lua module: lualatex-math 2013/08/03 v1.3 Patches for mathematics typesetting with LuaLaTeX)
\g__um_fam_int=\count375
\g__um_fonts_used_int=\count376
\l__um_primecount_int=\count377
\g__um_primekern_muskip=\muskip19
 (c:/texlive/2025/texmf-dist/tex/latex/unicode-math/unicode-math-table.tex))) (c:/texlive/2025/texmf-dist/tex/latex/graphics/graphicx.sty
Package: graphicx 2024/12/31 v1.2e Enhanced LaTeX Graphics (DPC,SPQR)
 (c:/texlive/2025/texmf-dist/tex/latex/graphics/graphics.sty
Package: graphics 2024/08/06 v1.4g Standard LaTeX Graphics (DPC,SPQR)
 (c:/texlive/2025/texmf-dist/tex/latex/graphics/trig.sty
Package: trig 2023/12/02 v1.11 sin cos tan (DPC)
) (c:/texlive/2025/texmf-dist/tex/latex/graphics-cfg/graphics.cfg
File: graphics.cfg 2016/06/04 v1.11 sample graphics configuration
)
Package graphics Info: Driver file: luatex.def on input line 106.
 (c:/texlive/2025/texmf-dist/tex/latex/graphics-def/luatex.def
File: luatex.def 2025/09/29 v1.2f Graphics/color driver for luatex
))
\Gin@req@height=\dimen182
\Gin@req@width=\dimen183
) (c:/texlive/2025/texmf-dist/tex/latex/pgf/frontendlayer/tikz.sty (c:/texlive/2025/texmf-dist/tex/latex/pgf/basiclayer/pgf.sty (c:/texlive/2025/texmf-dist/tex/latex/pgf/utilities/pgfrcs.sty (c:/texlive/2025/texmf-dist/tex/generic/pgf/utilities/pgfutil-common.tex
\pgfutil@everybye=\toks30
\pgfutil@tempdima=\dimen184
\pgfutil@tempdimb=\dimen185
) (c:/texlive/2025/texmf-dist/tex/generic/pgf/utilities/pgfutil-latex.def
\pgfutil@abb=\box66
) (c:/texlive/2025/texmf-dist/tex/generic/pgf/utilities/pgfrcs.code.tex (c:/texlive/2025/texmf-dist/tex/generic/pgf/pgf.revision.tex)
Package: pgfrcs 2025-08-29 v3.1.11a (3.1.11a)
))
Package: pgf 2025-08-29 v3.1.11a (3.1.11a)
 (c:/texlive/2025/texmf-dist/tex/latex/pgf/basiclayer/pgfcore.sty (c:/texlive/2025/texmf-dist/tex/latex/pgf/systemlayer/pgfsys.sty (c:/texlive/2025/texmf-dist/tex/generic/pgf/systemlayer/pgfsys.code.tex
Package: pgfsys 2025-08-29 v3.1.11a (3.1.11a)
 (c:/texlive/2025/texmf-dist/tex/generic/pgf/utilities/pgfkeys.code.tex
\pgfkeys@pathtoks=\toks31
\pgfkeys@temptoks=\toks32
 (c:/texlive/2025/texmf-dist/tex/generic/pgf/utilities/pgfkeyslibraryfiltered.code.tex
\pgfkeys@tmptoks=\toks33
))
\pgf@x=\dimen186
\pgf@y=\dimen187
\pgf@xa=\dimen188
\pgf@ya=\dimen189
\pgf@xb=\dimen190
\pgf@yb=\dimen191
\pgf@xc=\dimen192
\pgf@yc=\dimen193
\pgf@xd=\dimen194
\pgf@yd=\dimen195
\w@pgf@writea=\write3
\r@pgf@reada=\read2
\c@pgf@counta=\count378
\c@pgf@countb=\count379
\c@pgf@countc=\count380
\c@pgf@countd=\count381
\t@pgf@toka=\toks34
\t@pgf@tokb=\toks35
\t@pgf@tokc=\toks36
\pgf@sys@id@count=\count382
 (c:/texlive/2025/texmf-dist/tex/generic/pgf/systemlayer/pgf.cfg
File: pgf.cfg 2025-08-29 v3.1.11a (3.1.11a)
)
Driver file for pgf: pgfsys-luatex.def
 (c:/texlive/2025/texmf-dist/tex/generic/pgf/systemlayer/pgfsys-luatex.def
File: pgfsys-luatex.def 2025-08-29 v3.1.11a (3.1.11a)
 (c:/texlive/2025/texmf-dist/tex/generic/pgf/systemlayer/pgfsys-common-pdf.def
File: pgfsys-common-pdf.def 2025-08-29 v3.1.11a (3.1.11a)
))) (c:/texlive/2025/texmf-dist/tex/generic/pgf/systemlayer/pgfsyssoftpath.code.tex
File: pgfsyssoftpath.code.tex 2025-08-29 v3.1.11a (3.1.11a)
\pgfsyssoftpath@smallbuffer@items=\count383
\pgfsyssoftpath@bigbuffer@items=\count384
) (c:/texlive/2025/texmf-dist/tex/generic/pgf/systemlayer/pgfsysprotocol.code.tex
File: pgfsysprotocol.code.tex 2025-08-29 v3.1.11a (3.1.11a)
)) (c:/texlive/2025/texmf-dist/tex/latex/xcolor/xcolor.sty
Package: xcolor 2024/09/29 v3.02 LaTeX color extensions (UK)
 (c:/texlive/2025/texmf-dist/tex/latex/graphics-cfg/color.cfg
File: color.cfg 2016/01/02 v1.6 sample color configuration
)
Package xcolor Info: Driver file: luatex.def on input line 274.
 (c:/texlive/2025/texmf-dist/tex/latex/graphics/mathcolor.ltx)
Package xcolor Info: Model `cmy' substituted by `cmy0' on input line 1349.
Package xcolor Info: Model `hsb' substituted by `rgb' on input line 1353.
Package xcolor Info: Model `RGB' extended on input line 1365.
Package xcolor Info: Model `HTML' substituted by `rgb' on input line 1367.
Package xcolor Info: Model `Hsb' substituted by `hsb' on input line 1368.
Package xcolor Info: Model `tHsb' substituted by `hsb' on input line 1369.
Package xcolor Info: Model `HSB' substituted by `hsb' on input line 1370.
Package xcolor Info: Model `Gray' substituted by `gray' on input line 1371.
Package xcolor Info: Model `wave' substituted by `hsb' on input line 1372.
) (c:/texlive/2025/texmf-dist/tex/generic/pgf/basiclayer/pgfcore.code.tex
Package: pgfcore 2025-08-29 v3.1.11a (3.1.11a)
 (c:/texlive/2025/texmf-dist/tex/generic/pgf/math/pgfmath.code.tex (c:/texlive/2025/texmf-dist/tex/generic/pgf/math/pgfmathutil.code.tex) (c:/texlive/2025/texmf-dist/tex/generic/pgf/math/pgfmathparser.code.tex
\pgfmath@dimen=\dimen196
\pgfmath@count=\count385
\pgfmath@box=\box67
\pgfmath@toks=\toks37
\pgfmath@stack@operand=\toks38
\pgfmath@stack@operation=\toks39
) (c:/texlive/2025/texmf-dist/tex/generic/pgf/math/pgfmathfunctions.code.tex) (c:/texlive/2025/texmf-dist/tex/generic/pgf/math/pgfmathfunctions.basic.code.tex) (c:/texlive/2025/texmf-dist/tex/generic/pgf/math/pgfmathfunctions.trigonometric.code.tex) (c:/texlive/2025/texmf-dist/tex/generic/pgf/math/pgfmathfunctions.random.code.tex) (c:/texlive/2025/texmf-dist/tex/generic/pgf/math/pgfmathfunctions.comparison.code.tex) (c:/texlive/2025/texmf-dist/tex/generic/pgf/math/pgfmathfunctions.base.code.tex) (c:/texlive/2025/texmf-dist/tex/generic/pgf/math/pgfmathfunctions.round.code.tex) (c:/texlive/2025/texmf-dist/tex/generic/pgf/math/pgfmathfunctions.misc.code.tex) (c:/texlive/2025/texmf-dist/tex/generic/pgf/math/pgfmathfunctions.integerarithmetics.code.tex) (c:/texlive/2025/texmf-dist/tex/generic/pgf/math/pgfmathcalc.code.tex) (c:/texlive/2025/texmf-dist/tex/generic/pgf/math/pgfmathfloat.code.tex
\c@pgfmathroundto@lastzeros=\count386
)) (c:/texlive/2025/texmf-dist/tex/generic/pgf/math/pgfint.code.tex) (c:/texlive/2025/texmf-dist/tex/generic/pgf/basiclayer/pgfcorepoints.code.tex
File: pgfcorepoints.code.tex 2025-08-29 v3.1.11a (3.1.11a)
\pgf@picminx=\dimen197
\pgf@picmaxx=\dimen198
\pgf@picminy=\dimen199
\pgf@picmaxy=\dimen256
\pgf@pathminx=\dimen257
\pgf@pathmaxx=\dimen258
\pgf@pathminy=\dimen259
\pgf@pathmaxy=\dimen260
\pgf@xx=\dimen261
\pgf@xy=\dimen262
\pgf@yx=\dimen263
\pgf@yy=\dimen264
\pgf@zx=\dimen265
\pgf@zy=\dimen266
) (c:/texlive/2025/texmf-dist/tex/generic/pgf/basiclayer/pgfcorepathconstruct.code.tex
File: pgfcorepathconstruct.code.tex 2025-08-29 v3.1.11a (3.1.11a)
\pgf@path@lastx=\dimen267
\pgf@path@lasty=\dimen268
) (c:/texlive/2025/texmf-dist/tex/generic/pgf/basiclayer/pgfcorepathusage.code.tex
File: pgfcorepathusage.code.tex 2025-08-29 v3.1.11a (3.1.11a)
\pgf@shorten@end@additional=\dimen269
\pgf@shorten@start@additional=\dimen270
) (c:/texlive/2025/texmf-dist/tex/generic/pgf/basiclayer/pgfcorescopes.code.tex
File: pgfcorescopes.code.tex 2025-08-29 v3.1.11a (3.1.11a)
\pgfpic=\box68
\pgf@hbox=\box69
\pgf@layerbox@main=\box70
\pgf@picture@serial@count=\count387
) (c:/texlive/2025/texmf-dist/tex/generic/pgf/basiclayer/pgfcoregraphicstate.code.tex
File: pgfcoregraphicstate.code.tex 2025-08-29 v3.1.11a (3.1.11a)
\pgflinewidth=\dimen271
) (c:/texlive/2025/texmf-dist/tex/generic/pgf/basiclayer/pgfcoretransformations.code.tex
File: pgfcoretransformations.code.tex 2025-08-29 v3.1.11a (3.1.11a)
\pgf@pt@x=\dimen272
\pgf@pt@y=\dimen273
\pgf@pt@temp=\dimen274
) (c:/texlive/2025/texmf-dist/tex/generic/pgf/basiclayer/pgfcorequick.code.tex
File: pgfcorequick.code.tex 2025-08-29 v3.1.11a (3.1.11a)
) (c:/texlive/2025/texmf-dist/tex/generic/pgf/basiclayer/pgfcoreobjects.code.tex
File: pgfcoreobjects.code.tex 2025-08-29 v3.1.11a (3.1.11a)
) (c:/texlive/2025/texmf-dist/tex/generic/pgf/basiclayer/pgfcorepathprocessing.code.tex
File: pgfcorepathprocessing.code.tex 2025-08-29 v3.1.11a (3.1.11a)
) (c:/texlive/2025/texmf-dist/tex/generic/pgf/basiclayer/pgfcorearrows.code.tex
File: pgfcorearrows.code.tex 2025-08-29 v3.1.11a (3.1.11a)
\pgfarrowsep=\dimen275
) (c:/texlive/2025/texmf-dist/tex/generic/pgf/basiclayer/pgfcoreshade.code.tex
File: pgfcoreshade.code.tex 2025-08-29 v3.1.11a (3.1.11a)
\pgf@max=\dimen276
\pgf@sys@shading@range@num=\count388
\pgf@shadingcount=\count389
) (c:/texlive/2025/texmf-dist/tex/generic/pgf/basiclayer/pgfcoreimage.code.tex
File: pgfcoreimage.code.tex 2025-08-29 v3.1.11a (3.1.11a)
) (c:/texlive/2025/texmf-dist/tex/generic/pgf/basiclayer/pgfcoreexternal.code.tex
File: pgfcoreexternal.code.tex 2025-08-29 v3.1.11a (3.1.11a)
\pgfexternal@startupbox=\box71
) (c:/texlive/2025/texmf-dist/tex/generic/pgf/basiclayer/pgfcorelayers.code.tex
File: pgfcorelayers.code.tex 2025-08-29 v3.1.11a (3.1.11a)
) (c:/texlive/2025/texmf-dist/tex/generic/pgf/basiclayer/pgfcoretransparency.code.tex
File: pgfcoretransparency.code.tex 2025-08-29 v3.1.11a (3.1.11a)
) (c:/texlive/2025/texmf-dist/tex/generic/pgf/basiclayer/pgfcorepatterns.code.tex
File: pgfcorepatterns.code.tex 2025-08-29 v3.1.11a (3.1.11a)
) (c:/texlive/2025/texmf-dist/tex/generic/pgf/basiclayer/pgfcorerdf.code.tex
File: pgfcorerdf.code.tex 2025-08-29 v3.1.11a (3.1.11a)
))) (c:/texlive/2025/texmf-dist/tex/generic/pgf/modules/pgfmoduleshapes.code.tex
File: pgfmoduleshapes.code.tex 2025-08-29 v3.1.11a (3.1.11a)
\pgfnodeparttextbox=\box72
) (c:/texlive/2025/texmf-dist/tex/generic/pgf/modules/pgfmoduleplot.code.tex
File: pgfmoduleplot.code.tex 2025-08-29 v3.1.11a (3.1.11a)
) (c:/texlive/2025/texmf-dist/tex/latex/pgf/compatibility/pgfcomp-version-0-65.sty
Package: pgfcomp-version-0-65 2025-08-29 v3.1.11a (3.1.11a)
\pgf@nodesepstart=\dimen277
\pgf@nodesepend=\dimen278
) (c:/texlive/2025/texmf-dist/tex/latex/pgf/compatibility/pgfcomp-version-1-18.sty
Package: pgfcomp-version-1-18 2025-08-29 v3.1.11a (3.1.11a)
)) (c:/texlive/2025/texmf-dist/tex/latex/pgf/utilities/pgffor.sty (c:/texlive/2025/texmf-dist/tex/latex/pgf/utilities/pgfkeys.sty (c:/texlive/2025/texmf-dist/tex/generic/pgf/utilities/pgfkeys.code.tex)) (c:/texlive/2025/texmf-dist/tex/latex/pgf/math/pgfmath.sty (c:/texlive/2025/texmf-dist/tex/generic/pgf/math/pgfmath.code.tex)) (c:/texlive/2025/texmf-dist/tex/generic/pgf/utilities/pgffor.code.tex
Package: pgffor 2025-08-29 v3.1.11a (3.1.11a)
\pgffor@iter=\dimen279
\pgffor@skip=\dimen280
\pgffor@stack=\toks40
\pgffor@toks=\toks41
)) (c:/texlive/2025/texmf-dist/tex/generic/pgf/frontendlayer/tikz/tikz.code.tex
Package: tikz 2025-08-29 v3.1.11a (3.1.11a)
 (c:/texlive/2025/texmf-dist/tex/generic/pgf/libraries/pgflibraryplothandlers.code.tex
File: pgflibraryplothandlers.code.tex 2025-08-29 v3.1.11a (3.1.11a)
\pgf@plot@mark@count=\count390
\pgfplotmarksize=\dimen281
)
\tikz@lastx=\dimen282
\tikz@lasty=\dimen283
\tikz@lastxsaved=\dimen284
\tikz@lastysaved=\dimen285
\tikz@lastmovetox=\dimen286
\tikz@lastmovetoy=\dimen287
\tikzleveldistance=\dimen288
\tikzsiblingdistance=\dimen289
\tikz@figbox=\box73
\tikz@figbox@bg=\box74
\tikz@tempbox=\box75
\tikz@tempbox@bg=\box76
\tikztreelevel=\count391
\tikznumberofchildren=\count392
\tikznumberofcurrentchild=\count393
\tikz@fig@count=\count394
 (c:/texlive/2025/texmf-dist/tex/generic/pgf/modules/pgfmodulematrix.code.tex
File: pgfmodulematrix.code.tex 2025-08-29 v3.1.11a (3.1.11a)
\pgfmatrixcurrentrow=\count395
\pgfmatrixcurrentcolumn=\count396
\pgf@matrix@numberofcolumns=\count397
)
\tikz@expandcount=\count398
 (c:/texlive/2025/texmf-dist/tex/generic/pgf/frontendlayer/tikz/libraries/tikzlibrarytopaths.code.tex
File: tikzlibrarytopaths.code.tex 2025-08-29 v3.1.11a (3.1.11a)
))) (c:/texlive/2025/texmf-dist/tex/latex/circuitikz/circuitikz.sty
Package: circuitikz 2026/02/04{} The CircuiTikz circuit drawing package version 1.8.5
 (c:/texlive/2025/texmf-dist/tex/generic/pgf/frontendlayer/tikz/libraries/tikzlibrarycalc.code.tex
File: tikzlibrarycalc.code.tex 2025-08-29 v3.1.11a (3.1.11a)
) (c:/texlive/2025/texmf-dist/tex/generic/pgf/libraries/pgflibraryarrows.meta.code.tex
File: pgflibraryarrows.meta.code.tex 2025-08-29 v3.1.11a (3.1.11a)
\pgfarrowinset=\dimen290
\pgfarrowlength=\dimen291
\pgfarrowwidth=\dimen292
\pgfarrowlinewidth=\dimen293
) (c:/texlive/2025/texmf-dist/tex/generic/pgf/frontendlayer/tikz/libraries/tikzlibrarybending.code.tex
File: tikzlibrarybending.code.tex 2025-08-29 v3.1.11a (3.1.11a)
 (c:/texlive/2025/texmf-dist/tex/generic/pgf/modules/pgfmodulebending.code.tex
File: pgfmodulebending.code.tex 2025-08-29 v3.1.11a (3.1.11a)
 (c:/texlive/2025/texmf-dist/tex/generic/pgf/modules/pgfmodulenonlineartransformations.code.tex
File: pgfmodulenonlineartransformations.code.tex 2025-08-29 v3.1.11a (3.1.11a)
\pgftransformnonlinearflatness=\dimen294
) (c:/texlive/2025/texmf-dist/tex/generic/pgf/libraries/pgflibrarycurvilinear.code.tex
File: pgflibrarycurvilinear.code.tex 2025-08-29 v3.1.11a (3.1.11a)
\pgf@curvilinear@time@a=\dimen295
\pgf@curvilinear@length@a=\dimen296
\pgf@curvilinear@length@b=\dimen297
\pgf@curvilinear@length@c=\dimen298
\pgf@curvilinear@length@d=\dimen299
)
\pgf@arrows@the@rigidity=\dimen300
)) (c:/texlive/2025/texmf-dist/tex/generic/pgf/frontendlayer/tikz/libraries/tikzlibraryfpu.code.tex (c:/texlive/2025/texmf-dist/tex/generic/pgf/libraries/pgflibraryfpu.code.tex)) (c:/texlive/2025/texmf-dist/tex/generic/circuitikz/pgfcirc.defines.tex
\pgf@circ@count@a=\count399
\pgf@circ@count@b=\count400
\pgf@circ@count@c=\count401
\pgf@circ@res@up=\dimen301
\pgf@circ@res@down=\dimen302
\pgf@circ@res@zero=\dimen303
\pgf@circ@res@left=\dimen304
\pgf@circ@res@right=\dimen305
\pgf@circ@res@other=\dimen306
\pgf@circ@res@step=\dimen307
\pgf@circ@res@temp=\dimen308
\pgf@circ@Rlen=\dimen309
\pgf@circ@scaled@Rlen=\dimen310
\pgfstartlinewidth=\dimen311
) (c:/texlive/2025/texmf-dist/tex/generic/circuitikz/pgfcircutils.tex
\ctikz@scratchbox=\box77
) (c:/texlive/2025/texmf-dist/tex/generic/circuitikz/pgfcircpath.tex
\ctikz@vif@count=\count402
) (c:/texlive/2025/texmf-dist/tex/generic/circuitikz/pgfcircshapes.tex) (c:/texlive/2025/texmf-dist/tex/generic/circuitikz/pgfcircmonopoles.tex) (c:/texlive/2025/texmf-dist/tex/generic/circuitikz/pgfcircbipoles.tex) (c:/texlive/2025/texmf-dist/tex/generic/circuitikz/pgfcirctripoles.tex
\pgf@circ@res@count=\count403
) (c:/texlive/2025/texmf-dist/tex/generic/circuitikz/pgfcircquadpoles.tex) (c:/texlive/2025/texmf-dist/tex/generic/circuitikz/pgfcircmultipoles.tex) (c:/texlive/2025/texmf-dist/tex/generic/circuitikz/pgfcirclabel.tex) (c:/texlive/2025/texmf-dist/tex/generic/circuitikz/pgfcircvoltage.tex
\pgfcirc@labelshift=\dimen312
) (c:/texlive/2025/texmf-dist/tex/generic/circuitikz/pgfcirccurrent.tex) (c:/texlive/2025/texmf-dist/tex/generic/circuitikz/pgfcircflow.tex) (c:/texlive/2025/texmf-dist/tex/generic/xstring/xstring.sty (c:/texlive/2025/texmf-dist/tex/generic/xstring/xstring.tex
\xs_counta=\count404
\xs_countb=\count405
)
Package: xstring 2023/08/22 v1.86 String manipulations (CT)
)) (c:/texlive/2025/texmf-dist/tex/latex/booktabs/booktabs.sty
Package: booktabs 2020/01/12 v1.61803398 Publication quality tables
\heavyrulewidth=\dimen313
\lightrulewidth=\dimen314
\cmidrulewidth=\dimen315
\belowrulesep=\dimen316
\belowbottomsep=\dimen317
\aboverulesep=\dimen318
\abovetopsep=\dimen319
\cmidrulesep=\dimen320
\cmidrulekern=\dimen321
\defaultaddspace=\dimen322
\@cmidla=\count406
\@cmidlb=\count407
\@aboverulesep=\dimen323
\@belowrulesep=\dimen324
\@thisruleclass=\count408
\@lastruleclass=\count409
\@thisrulewidth=\dimen325
) (c:/texlive/2025/texmf-dist/tex/generic/babel/babel.sty
Package: babel 2026/03/08 v26.4 The multilingual framework for LuaLaTeX, pdfLaTeX and XeLaTeX
 (c:/texlive/2025/texmf-dist/tex/generic/babel/luababel.def
\bbl@readstream=\read3
\l@dumylang=\language2
Package babel Info: Non-standard hyphenation setup on input line 118.
\l@nohyphenation=\language3
\l@german-x-2024-02-28=\language4
\l@ngerman-x-2024-02-28=\language5
\l@afrikaans=\language6
\l@albanian=\language7
\l@ancientgreek=\language8
\l@ibycus=\language9
\l@arabic=\language10
\l@armenian=\language11
\l@basque=\language12
\l@belarusian=\language13
\l@bulgarian=\language14
\l@catalan=\language15
\l@pinyin=\language16
\l@churchslavonic=\language17
\l@coptic=\language18
\l@croatian=\language19
\l@czech=\language20
\l@danish=\language21
\l@dutch=\language22
\l@ukenglish=\language23
\l@usenglishmax=\language24
\l@esperanto=\language25
\l@estonian=\language26
\l@ethiopic=\language27
\l@farsi=\language28
\l@finnish=\language29
\l@schoolfinnish=\language30
\l@french=\language31
\l@friulan=\language32
\l@galician=\language33
\l@georgian=\language34
\l@german=\language35
\l@ngerman=\language36
\l@swissgerman=\language37
\l@greek=\language38
\l@monogreek=\language39
\l@hebrew=\language40
\l@hungarian=\language41
\l@icelandic=\language42
\l@assamese=\language43
\l@bengali=\language44
\l@gujarati=\language45
\l@hindi=\language46
\l@kannada=\language47
\l@malayalam=\language48
\l@marathi=\language49
\l@oriya=\language50
\l@pali=\language51
\l@panjabi=\language52
\l@tamil=\language53
\l@telugu=\language54
\l@indonesian=\language55
\l@interlingua=\language56
\l@irish=\language57
\l@italian=\language58
\l@kazakh=\language59
\l@kurmanji=\language60
\l@classiclatin=\language61
\l@latin=\language62
\l@liturgicallatin=\language63
\l@latvian=\language64
\l@lithuanian=\language65
\l@macedonian=\language66
\l@mongolian=\language67
\l@mongolianlmc=\language68
\l@bokmal=\language69
\l@nynorsk=\language70
\l@occitan=\language71
\l@piedmontese=\language72
\l@polish=\language73
\l@portuguese=\language74
\l@romanian=\language75
\l@romansh=\language76
\l@russian=\language77
\l@sanskrit=\language78
\l@serbian=\language79
\l@serbianc=\language80
\l@slovak=\language81
\l@slovenian=\language82
\l@spanish=\language83
\l@swedish=\language84
\l@thai=\language85
\l@turkish=\language86
\l@turkmen=\language87
\l@ukrainian=\language88
\l@uppersorbian=\language89
\l@vietnamese=\language90
\l@welsh=\language91
\babelcatcodetablenum=\catcodetable14
\bbl@pattcodes=\catcodetable15
)
\babel@savecnt=\count410
LaTeX Encoding Info:    Redeclaring text command \ij (encoding OT1) on input line 2078.
LaTeX Encoding Info:    Redeclaring text command \IJ (encoding OT1) on input line 2080.
LaTeX Encoding Info:    Redeclaring text command \ij (encoding T1) on input line 2082.
LaTeX Encoding Info:    Redeclaring text command \IJ (encoding T1) on input line 2083.
LaTeX Encoding Info:    Ignoring declaration for text command \ij (encoding ?) on input line 2084.
LaTeX Encoding Info:    Ignoring declaration for text command \IJ (encoding ?) on input line 2086.
LaTeX Encoding Info:    Ignoring declaration for text command \SS (encoding ?) on input line 2111.
\U@D=\dimen326
\l@unhyphenated=\language92
 (c:/texlive/2025/texmf-dist/tex/generic/babel/luababel.def
\bbl@attr@locale=\attribute4
) (c:/texlive/2025/texmf-dist/tex/generic/babel/locale/nl/babel-dutch.tex)
Package babel Info: Importing font and identification data for dutch
(babel)             from babel-nl.ini. Reported on input line 4330.
 (c:/texlive/2025/texmf-dist/tex/generic/babel-dutch/dutch.ldf
Language: dutch 2021/08/29 v3.8l Dutch support from the babel system
Package babel Info: Making " an active character on input line 127.
 (c:/texlive/2025/texmf-dist/tex/generic/hyph-utf8/loadhyph/loadhyph-nl.tex UTF-8 Dutch hyphenation patterns (c:/texlive/2025/texmf-dist/tex/generic/hyph-utf8/patterns/tex/hyph-nl.tex)))) (c:/texlive/2025/texmf-dist/tex/lualatex/luacode/luacode.sty
Package: luacode 2012/01/23 v1.2a lua-in-tex helpers (mpg)
 (c:/texlive/2025/texmf-dist/tex/generic/iftex/ifluatex.sty
Package: ifluatex 2019/10/25 v1.5 ifluatex legacy package. Use iftex instead.
) (c:/texlive/2025/texmf-dist/tex/luatex/luatexbase/luatexbase.sty
Package: luatexbase 2015/10/04 v1.3 luatexbase interface to LuaTeX 
 (c:/texlive/2025/texmf-dist/tex/luatex/ctablestack/ctablestack.sty
Package: ctablestack 2015/10/01 v1.0 Catcode table stable support
\@catcodetablestackcnt=\count411
)
\CatcodeTableOther=\catcodetable16
\CatcodeTableExpl=\catcodetable17
)
\luacode@lines=\toks42
\luacode@table@soft=\catcodetable18
) (c:/texlive/2025/texmf-dist/tex/latex/float/float.sty
Package: float 2001/11/08 v1.3d Float enhancements (AL)
\c@float@type=\count412
\float@exts=\toks43
\float@box=\box78
\@float@everytoks=\toks44
\@floatcapt=\box79
) (c:/texlive/2025/texmf-dist/tex/latex/ncctools/nccmath.sty
Package: nccmath 2006/01/20 v1.3 Additional Math Commands (NCC)
\NCC@fracrulewidth=\dimen327
) (c:/texlive/2025/texmf-dist/tex/latex/mdframed/mdframed.sty
Package: mdframed 2013/07/01 1.9b: mdframed
 (c:/texlive/2025/texmf-dist/tex/latex/zref/zref-abspage.sty
Package: zref-abspage 2026-03-07 v2.37 Module abspage for zref (HO)
 (c:/texlive/2025/texmf-dist/tex/latex/zref/zref-base.sty
Package: zref-base 2026-03-07 v2.37 Module base for zref (HO)
 (c:/texlive/2025/texmf-dist/tex/generic/etexcmds/etexcmds.sty
Package: etexcmds 2019/12/15 v1.7 Avoid name clashes with e-TeX commands (HO)
) (c:/texlive/2025/texmf-dist/tex/latex/auxhook/auxhook.sty
Package: auxhook 2019-12-17 v1.6 Hooks for auxiliary files (HO)
)
Package zref Info: New property list: main on input line 767.
Package zref Info: New property: default on input line 768.
Package zref Info: New property: page on input line 769.
)
\c@abspage=\count413
Package zref Info: New property: abspage on input line 67.
) (c:/texlive/2025/texmf-dist/tex/latex/needspace/needspace.sty
Package: needspace 2025/03/13 v1.3e reserve vertical space
)
\mdf@templength=\skip82
\c@mdf@globalstyle@cnt=\count414
\mdf@skipabove@length=\skip83
\mdf@skipbelow@length=\skip84
\mdf@leftmargin@length=\skip85
\mdf@rightmargin@length=\skip86
\mdf@innerleftmargin@length=\skip87
\mdf@innerrightmargin@length=\skip88
\mdf@innertopmargin@length=\skip89
\mdf@innerbottommargin@length=\skip90
\mdf@splittopskip@length=\skip91
\mdf@splitbottomskip@length=\skip92
\mdf@outermargin@length=\skip93
\mdf@innermargin@length=\skip94
\mdf@linewidth@length=\skip95
\mdf@innerlinewidth@length=\skip96
\mdf@middlelinewidth@length=\skip97
\mdf@outerlinewidth@length=\skip98
\mdf@roundcorner@length=\skip99
\mdf@footenotedistance@length=\skip100
\mdf@userdefinedwidth@length=\skip101
\mdf@needspace@length=\skip102
\mdf@frametitleaboveskip@length=\skip103
\mdf@frametitlebelowskip@length=\skip104
\mdf@frametitlerulewidth@length=\skip105
\mdf@frametitleleftmargin@length=\skip106
\mdf@frametitlerightmargin@length=\skip107
\mdf@shadowsize@length=\skip108
\mdf@extratopheight@length=\skip109
\mdf@subtitleabovelinewidth@length=\skip110
\mdf@subtitlebelowlinewidth@length=\skip111
\mdf@subtitleaboveskip@length=\skip112
\mdf@subtitlebelowskip@length=\skip113
\mdf@subtitleinneraboveskip@length=\skip114
\mdf@subtitleinnerbelowskip@length=\skip115
\mdf@subsubtitleabovelinewidth@length=\skip116
\mdf@subsubtitlebelowlinewidth@length=\skip117
\mdf@subsubtitleaboveskip@length=\skip118
\mdf@subsubtitlebelowskip@length=\skip119
\mdf@subsubtitleinneraboveskip@length=\skip120
\mdf@subsubtitleinnerbelowskip@length=\skip121
 (c:/texlive/2025/texmf-dist/tex/latex/mdframed/md-frame-0.mdf
File: md-frame-0.mdf 2013/07/01\ 1.9b: md-frame-0
)
\mdf@frametitlebox=\box80
\mdf@footnotebox=\box81
\mdf@splitbox@one=\box82
\mdf@splitbox@two=\box83
\mdf@splitbox@save=\box84
\mdfsplitboxwidth=\skip122
\mdfsplitboxtotalwidth=\skip123
\mdfsplitboxheight=\skip124
\mdfsplitboxdepth=\skip125
\mdfsplitboxtotalheight=\skip126
\mdfframetitleboxwidth=\skip127
\mdfframetitleboxtotalwidth=\skip128
\mdfframetitleboxheight=\skip129
\mdfframetitleboxdepth=\skip130
\mdfframetitleboxtotalheight=\skip131
\mdffootnoteboxwidth=\skip132
\mdffootnoteboxtotalwidth=\skip133
\mdffootnoteboxheight=\skip134
\mdffootnoteboxdepth=\skip135
\mdffootnoteboxtotalheight=\skip136
\mdftotallinewidth=\skip137
\mdfboundingboxwidth=\skip138
\mdfboundingboxtotalwidth=\skip139
\mdfboundingboxheight=\skip140
\mdfboundingboxdepth=\skip141
\mdfboundingboxtotalheight=\skip142
\mdf@freevspace@length=\skip143
\mdf@horizontalwidthofbox@length=\skip144
\mdf@verticalmarginwhole@length=\skip145
\mdf@horizontalspaceofbox=\skip146
\mdfsubtitleheight=\skip147
\mdfsubsubtitleheight=\skip148
\c@mdfcountframes=\count415

****** mdframed patching \endmdf@trivlist

****** -- success******

\mdf@envdepth=\count416
\c@mdf@env@i=\count417
\c@mdf@env@ii=\count418
\c@mdf@zref@counter=\count419
Package zref Info: New property: mdf@pagevalue on input line 895.
) (c:/Users/paulz/texmf/tex/latex/numodel-bundle/numodel/numodel.sty
Package: numodel 2026/05/23 v0.5.0-pre Numerical physics models with Euler integration and Forrester diagrams
 (c:/texlive/2025/texmf-dist/tex/generic/pgf/frontendlayer/tikz/libraries/tikzlibraryshapes.symbols.code.tex
File: tikzlibraryshapes.symbols.code.tex 2025-08-29 v3.1.11a (3.1.11a)
 (c:/texlive/2025/texmf-dist/tex/generic/pgf/libraries/shapes/pgflibraryshapes.symbols.code.tex
File: pgflibraryshapes.symbols.code.tex 2025-08-29 v3.1.11a (3.1.11a)
)) (c:/texlive/2025/texmf-dist/tex/latex/tabularray/tabularray.sty
Package: tabularray 2025-11-27 v2025C Typeset tabulars and arrays with LaTeX3
 (c:/texlive/2025/texmf-dist/tex/latex/ninecolors/ninecolors.sty
Package: ninecolors 2022-02-13 v2022D Select colors with proper color contrast
)
\g__tblr_nohyper_int=\count420
\l__tblr_a_int=\count421
\l__tblr_c_int=\count422
\l__tblr_r_int=\count423
\l__tblr_d_dim=\dimen328
\l__tblr_h_dim=\dimen329
\l__tblr_o_dim=\dimen330
\l__tblr_p_dim=\dimen331
\l__tblr_q_dim=\dimen332
\l__tblr_r_dim=\dimen333
\l__tblr_s_dim=\dimen334
\l__tblr_t_dim=\dimen335
\l__tblr_v_dim=\dimen336
\l__tblr_w_dim=\dimen337
\l__tblr_a_box=\box85
\l__tblr_b_box=\box86
\l__tblr_c_box=\box87
\l__tblr_d_box=\box88
\c@tblrcount=\count424
\c@rownum=\count425
\c@colnum=\count426
\c@rowcount=\count427
\c@colcount=\count428
\abovesep=\dimen338
\belowsep=\dimen339
\leftsep=\dimen340
\rightsep=\dimen341
\gTblrLevelInt=\count429
\g__tblr_data_row_key_count_int=\count430
\g__tblr_data_column_key_count_int=\count431
\g__tblr_data_cell_key_count_int=\count432
\g__tblr_array_int=\count433
\l__tblr_key_count_int=\count434
\l__tblr_key_quotient_int=\count435
\l__tblr_key_quotient_two_int=\count436
\l__tblr_key_remainder_int=\count437
\g__tblr_data_str_value_count_int=\count438
\lTblrChildTotalInt=\count439
\lTblrChildHtotalInt=\count440
\lTblrChildVtotalInt=\count441
\l__child_diff_h_int=\count442
\l__child_diff_v_int=\count443
\l__child_sign_h_int=\count444
\l__child_sign_v_int=\count445
\l__child_step_int=\count446
\lTblrDefaultHruleWidthDim=\dimen342
\lTblrDefaultVruleWidthDim=\dimen343
\l__tblr_split_balance_int=\count447
\l__tblr_strut_dp_dim=\dimen344
\l__tblr_strut_ht_dim=\dimen345
\g__tblr_cell_wd_dim=\dimen346
\g__tblr_cell_ht_dim=\dimen347
\g__tblr_cell_head_dim=\dimen348
\g__tblr_cell_foot_dim=\dimen349
\l__tblr_measured_cell_box=\box89
\g__tblr_last_box=\box90
\l__tblr_temp_box=\box91
\l__tblr_column_target_dim=\dimen350
\l__tblr_hfuzz_dim=\dimen351
\l__tblr_caption_box=\box92
\l__tblr_caption_left_box=\box93
\lTblrRowHeadInt=\count448
\lTblrRowFootInt=\count449
\l__tblr_row_head_box=\box94
\l__tblr_row_foot_box=\box95
\l__tblr_row_head_foot_dim=\dimen352
\lTblrTableWidthDim=\dimen353
\l__tblr_table_firsthead_box=\box96
\l__tblr_table_middlehead_box=\box97
\l__tblr_table_lasthead_box=\box98
\l__tblr_table_firstfoot_box=\box99
\l__tblr_table_middlefoot_box=\box100
\l__tblr_table_lastfoot_box=\box101
\l__tblr_remain_height_dim=\dimen354
\l__tblr_next_rows_dim=\dimen355
\l__tblr_page_overfill_dim=\dimen356
\l__tblr_long_from_int=\count450
\l__tblr_long_to_int=\count451
\l__tblr_curr_i_int=\count452
\l__tblr_prev_i_int=\count453
\lTblrTablePageInt=\count454
\l__tblr_table_head_box=\box102
\l__tblr_table_foot_box=\box103
\l__tblr_table_head_foot_dim=\dimen357
\l__tblr_table_head_body_foot_dim=\dimen358
\l__tblr_table_box=\box104
\lTblrRowFirstInt=\count455
\lTblrRowLastInt=\count456
\l__tblr_cover_box_a_dim=\dimen359
\l__tblr_cover_box_b_dim=\dimen360
\l__tblr_table_hlines_box=\box105
\l__tblr_hline_box=\box106
\l__tblr_row_box=\box107
\l__tblr_col_o_wd_dim=\dimen361
\l__tblr_col_b_wd_dim=\dimen362
\l__tblr_hline_leftskip_dim=\dimen363
\l__tblr_hline_rightskip_dim=\dimen364
\l__tblr_row_ht_dim=\dimen365
\l__tblr_row_dp_dim=\dimen366
\l__tblr_row_abovesep_dim=\dimen367
\l__tblr_row_belowsep_dim=\dimen368
\l__tblr_row_vlines_box=\box108
\l__tblr_vline_box=\box109
\l__tblr_cell_box=\box110
\l__tblr_row_upper_dim=\dimen369
\l__tblr_row_lower_dim=\dimen370
\l__tblr_row_vpace_dim=\dimen371
\l__tblr_vline_aboveskip_dim=\dimen372
\l__tblr_vline_belowskip_dim=\dimen373
\lTblrCellRowSpanInt=\count457
\lTblrCellColSpanInt=\count458
\l__tblr_cell_wd_dim=\dimen374
\l__tblr_cell_ht_dim=\dimen375
\lTblrCellAboveBorderWidthDim=\dimen376
\lTblrCellBelowBorderWidthDim=\dimen377
\lTblrCellLeftBorderWidthDim=\dimen378
\lTblrCellRightBorderWidthDim=\dimen379
\l__tblr_diag_box=\box111
\l__tblr_cell_inner_wd_dim=\dimen380
\l__tblr_cell_inner_dp_dim=\dimen381
\l__tblr_cell_hanchor_dim=\dimen382
\l__tblr_last_cell_table_ht_dim=\dimen383
\l__tblr_last_cell_table_dp_dim=\dimen384
\l__tblr_last_vline_wd_dim=\dimen385
\l__tblr_tikz_node_box=\box112
) (c:/Users/paulz/texmf/tex/latex/numodel-bundle/numodel-plot/numodel-plot.sty
Package: numodel-plot 2026/05/23 v0.5.0-pre Auto-sizing PGFPlots engine
 (c:/texlive/2025/texmf-dist/tex/latex/pgfplots/pgfplots.sty (c:/texlive/2025/texmf-dist/tex/generic/pgfplots/pgfplots.revision.tex)
Package: pgfplots 2025/08/14 v1.18.2 Data Visualization (1.18.2)
 (c:/texlive/2025/texmf-dist/tex/generic/pgfplots/pgfplots.code.tex
(c:/texlive/2025/texmf-dist/tex/generic/pgfplots/pgfplotscore.code.tex
Package pgfplots info on input line 124: Initializing with LUA version Lua 5.3
\pgfplots@luabackend@table=\catcodetable19
\t@pgfplots@toka=\toks45
\t@pgfplots@tokb=\toks46
\t@pgfplots@tokc=\toks47
\pgfplots@tmpa=\dimen386
\c@pgfplots@coordindex=\count459
\c@pgfplots@scanlineindex=\count460
 (c:/texlive/2025/texmf-dist/tex/generic/pgfplots/sys/pgfplotssysgeneric.code.tex)) (c:/texlive/2025/texmf-dist/tex/generic/pgfplots/libs/pgfplotslibrary.code.tex) (c:/texlive/2025/texmf-dist/tex/generic/pgfplots/oldpgfcompatib/pgfplotsoldpgfsupp_loader.code.tex (c:/texlive/2025/texmf-dist/tex/generic/pgfplots/oldpgfcompatib/pgfplotsoldpgfsupp_pgfutil-common-lists.tex) (c:/texlive/2025/texmf-dist/tex/generic/pgf/libraries/luamath/pgflibraryluamath.code.tex)
Package pgfplots info on input line 292: luamath library shipped with pgf 3.1.11a is up-to-date
) (c:/texlive/2025/texmf-dist/tex/generic/pgfplots/util/pgfplotsutil.code.tex
Package pgfplots info on input line 82: Found new luatex: initializing lua commands instead of write18 (shell-escape)
 (c:/texlive/2025/texmf-dist/tex/generic/pgfplots/liststructure/pgfplotsliststructure.code.tex) (c:/texlive/2025/texmf-dist/tex/generic/pgfplots/liststructure/pgfplotsliststructureext.code.tex) (c:/texlive/2025/texmf-dist/tex/generic/pgfplots/liststructure/pgfplotsarray.code.tex
\c@pgfplotsarray@tmp=\count461
) (c:/texlive/2025/texmf-dist/tex/generic/pgfplots/liststructure/pgfplotsmatrix.code.tex) (c:/texlive/2025/texmf-dist/tex/generic/pgfplots/numtable/pgfplotstableshared.code.tex
\c@pgfplotstable@counta=\count462
\t@pgfplotstable@a=\toks48
) (c:/texlive/2025/texmf-dist/tex/generic/pgfplots/liststructure/pgfplotsdeque.code.tex) (c:/texlive/2025/texmf-dist/tex/generic/pgfplots/util/pgfplotsbinary.code.tex (c:/texlive/2025/texmf-dist/tex/generic/pgfplots/util/pgfplotsbinary.data.code.tex)) (c:/texlive/2025/texmf-dist/tex/generic/pgfplots/util/pgfplotsutil.verb.code.tex) (c:/texlive/2025/texmf-dist/tex/generic/pgfplots/libs/pgflibrarypgfplots.surfshading.code.tex
\c@pgfplotslibrarysurf@no=\count463
 (c:/texlive/2025/texmf-dist/tex/generic/pgfplots/sys/pgflibrarypgfplots.surfshading.pgfsys-luatex.def))) (c:/texlive/2025/texmf-dist/tex/generic/pgfplots/util/pgfplotscolormap.code.tex (c:/texlive/2025/texmf-dist/tex/generic/pgfplots/util/pgfplotscolor.code.tex)) (c:/texlive/2025/texmf-dist/tex/generic/pgfplots/pgfplotsstackedplots.code.tex) (c:/texlive/2025/texmf-dist/tex/generic/pgfplots/pgfplotsplothandlers.code.tex (c:/texlive/2025/texmf-dist/tex/generic/pgfplots/pgfplotsmeshplothandler.code.tex (c:/texlive/2025/texmf-dist/tex/generic/pgfplots/pgfplotsmeshplotimage.code.tex))) (c:/texlive/2025/texmf-dist/tex/generic/pgfplots/pgfplots.scaling.code.tex) (c:/texlive/2025/texmf-dist/tex/generic/pgfplots/pgfplotscoordprocessing.code.tex) (c:/texlive/2025/texmf-dist/tex/generic/pgfplots/pgfplots.errorbars.code.tex) (c:/texlive/2025/texmf-dist/tex/generic/pgfplots/pgfplots.markers.code.tex) (c:/texlive/2025/texmf-dist/tex/generic/pgfplots/pgfplotsticks.code.tex) (c:/texlive/2025/texmf-dist/tex/generic/pgfplots/pgfplots.paths.code.tex) (c:/texlive/2025/texmf-dist/tex/generic/pgf/frontendlayer/tikz/libraries/tikzlibrarydecorations.code.tex (c:/texlive/2025/texmf-dist/tex/generic/pgf/modules/pgfmoduledecorations.code.tex
\pgfdecoratedcompleteddistance=\dimen387
\pgfdecoratedremainingdistance=\dimen388
\pgfdecoratedinputsegmentcompleteddistance=\dimen389
\pgfdecoratedinputsegmentremainingdistance=\dimen390
\pgf@decorate@distancetomove=\dimen391
\pgf@decorate@repeatstate=\count464
\pgfdecorationsegmentamplitude=\dimen392
\pgfdecorationsegmentlength=\dimen393
)
\tikz@lib@dec@box=\box113
) (c:/texlive/2025/texmf-dist/tex/generic/pgf/frontendlayer/tikz/libraries/tikzlibrarydecorations.pathmorphing.code.tex (c:/texlive/2025/texmf-dist/tex/generic/pgf/libraries/decorations/pgflibrarydecorations.pathmorphing.code.tex)) (c:/texlive/2025/texmf-dist/tex/generic/pgf/frontendlayer/tikz/libraries/tikzlibrarydecorations.pathreplacing.code.tex (c:/texlive/2025/texmf-dist/tex/generic/pgf/libraries/decorations/pgflibrarydecorations.pathreplacing.code.tex)) (c:/texlive/2025/texmf-dist/tex/generic/pgfplots/libs/tikzlibrarypgfplots.contourlua.code.tex)
\pgfplots@numplots=\count465
\pgfplots@xmin@reg=\dimen394
\pgfplots@xmax@reg=\dimen395
\pgfplots@ymin@reg=\dimen396
\pgfplots@ymax@reg=\dimen397
\pgfplots@zmin@reg=\dimen398
\pgfplots@zmax@reg=\dimen399
) (c:/texlive/2025/texmf-dist/tex/generic/pgf/frontendlayer/tikz/libraries/tikzlibraryplotmarks.code.tex
File: tikzlibraryplotmarks.code.tex 2025-08-29 v3.1.11a (3.1.11a)
 (c:/texlive/2025/texmf-dist/tex/generic/pgf/libraries/pgflibraryplotmarks.code.tex
File: pgflibraryplotmarks.code.tex 2025-08-29 v3.1.11a (3.1.11a)
))) (c:/texlive/2025/texmf-dist/tex/generic/pgfplots/libs/tikzlibrarypgfplots.fillbetween.code.tex (c:/texlive/2025/texmf-dist/tex/generic/pgfplots/pgfcontrib/tikzlibraryfillbetween.code.tex (c:/texlive/2025/texmf-dist/tex/generic/pgf/frontendlayer/tikz/libraries/tikzlibraryintersections.code.tex (c:/texlive/2025/texmf-dist/tex/generic/pgf/libraries/pgflibraryintersections.code.tex
\pgf@intersect@solutions=\count466
)) (c:/texlive/2025/texmf-dist/tex/generic/pgfplots/pgfcontrib/tikzlibrarydecorations.softclip.code.tex (c:/texlive/2025/texmf-dist/tex/generic/pgfplots/pgfcontrib/pgflibraryfillbetween.code.tex))) (c:/texlive/2025/texmf-dist/tex/generic/pgfplots/libs/tikzlibrarypgfplots.decorations.softclip.code.tex)))
\g_mrule_counter_int=\count467
\g_numodel_steps_int=\count468
\g_numodel_maxiter_int=\count469
\g_numodel_gridmaxx_int=\count470
 (c:/Users/paulz/texmf/tex/latex/numodel-bundle/numodel/numodel-EN.def
File: numodel-EN.def 2026/05/23 v0.5.0-pre numodel keyword table -- English (XMILE)
) (c:/Users/paulz/texmf/tex/latex/numodel-bundle/numodel/numodel-NL.def
File: numodel-NL.def 2026/05/23 v0.5.0-pre numodel keyword table -- Dutch (CoachTaal)
)
\l__numodel_row_int=\count471
\l__numodel_dispnum_int=\count472
\l__numodel_startrow_int=\count473
\l__numodel_numrules_int=\count474
\l__numodel_numstarts_int=\count475
\l__numodel_yidx_int=\count476
)
luaotfload | cache : Lookup cache loaded from C:/Users/paulz/.texlive2026/texmf-var/luatex-cache/generic/names/luaotfload-lookup-cache.luc.

Package fontspec Info: 
(fontspec)             Font family 'Arial(0)' created for font 'Arial' with
(fontspec)             options [Ligatures=TeX].
(fontspec)              
(fontspec)              This font family consists of the following NFSS
(fontspec)             series/shapes:
(fontspec)              
(fontspec)             - 'normal' (m/n) with NFSS spec.:
(fontspec)             <->"name:Arial:mode=node;script=latn;language=dflt;+tlig;"
(fontspec)             - 'small caps'  (m/sc) with NFSS spec.:
(fontspec)             <->"name:Arial:mode=node;script=latn;language=dflt;+tlig;+smcp;"
(fontspec)             - 'bold' (b/n) with NFSS spec.:
(fontspec)             <->"name:Arial/B:mode=node;script=latn;language=dflt;+tlig;"
(fontspec)             - 'bold small caps'  (b/sc) with NFSS spec.:
(fontspec)             <->"name:Arial/B:mode=node;script=latn;language=dflt;+tlig;+smcp;"
(fontspec)             - 'italic' (m/it) with NFSS spec.:
(fontspec)             <->"name:Arial/I:mode=node;script=latn;language=dflt;+tlig;"
(fontspec)             - 'bold italic' (b/it) with NFSS spec.:
(fontspec)             <->"name:Arial/BI:mode=node;script=latn;language=dflt;+tlig;"


Package fontspec Info: 
(fontspec)             Font family 'Arial(1)' created for font 'Arial' with
(fontspec)             options [Renderer=Basic].
(fontspec)              
(fontspec)              This font family consists of the following NFSS
(fontspec)             series/shapes:
(fontspec)              
(fontspec)             - 'normal' (m/n) with NFSS spec.:
(fontspec)             <->"name:Arial:mode=base;script=latn;language=dflt;"
(fontspec)             - 'small caps'  (m/sc) with NFSS spec.:
(fontspec)             <->"name:Arial:mode=base;script=latn;language=dflt;+smcp;"
(fontspec)             - 'bold' (b/n) with NFSS spec.:
(fontspec)             <->"name:Arial/B:mode=base;script=latn;language=dflt;"
(fontspec)             - 'bold small caps'  (b/sc) with NFSS spec.:
(fontspec)             <->"name:Arial/B:mode=base;script=latn;language=dflt;+smcp;"
(fontspec)             - 'italic' (m/it) with NFSS spec.:
(fontspec)             <->"name:Arial/I:mode=base;script=latn;language=dflt;"
(fontspec)             - 'bold italic' (b/it) with NFSS spec.:
(fontspec)             <->"name:Arial/BI:mode=base;script=latn;language=dflt;"

LaTeX Font Info:    Overwriting math alphabet `\mathrm' in version `normal'
(Font)                  OT1/cmr/m/n --> TU/Arial(1)/m/n on input line 30.
LaTeX Font Info:    Overwriting math alphabet `\mathit' in version `normal'
(Font)                  OT1/cmr/m/it --> TU/Arial(1)/m/it on input line 30.
LaTeX Font Info:    Overwriting math alphabet `\mathbf' in version `normal'
(Font)                  OT1/cmr/bx/n --> TU/Arial(1)/b/n on input line 30.

Package fontspec Info: 
(fontspec)             Font family 'LeteSansMath(0)' created for font 'Lete
(fontspec)             Sans Math' with options
(fontspec)             [Renderer=Basic,BoldItalicFont={},ItalicFont={},SmallCapsFont={},Script=Math,RawFeature={mathfontdimen=xetex}].
(fontspec)              
(fontspec)              This font family consists of the following NFSS
(fontspec)             series/shapes:
(fontspec)              
(fontspec)             - 'normal' (m/n) with NFSS spec.: <->"name:Lete Sans
(fontspec)             Math:mode=base;script=math;language=dflt;mathfontdimen=xetex;"
(fontspec)             - 'bold' (b/n) with NFSS spec.: <->"name:Lete Sans
(fontspec)             Math/B:mode=base;script=math;language=dflt;mathfontdimen=xetex;"


Package fontspec Info: 
(fontspec)             Font family 'LeteSansMath(1)' created for font 'Lete
(fontspec)             Sans Math' with options
(fontspec)             [Renderer=Basic,BoldItalicFont={},ItalicFont={},SmallCapsFont={},Script=Math,SizeFeatures={{Size=9.3075-},{Size=6.84375-9.3075,Font=Lete
(fontspec)             Sans Math,Style=MathScript},{Size=-6.84375,Font=Lete
(fontspec)             Sans
(fontspec)             Math,Style=MathScriptScript}},RawFeature={mathfontdimen=xetex}].
(fontspec)              
(fontspec)              This font family consists of the following NFSS
(fontspec)             series/shapes:
(fontspec)              
(fontspec)             - 'normal' (m/n) with NFSS spec.: <9.3075->"name:Lete
(fontspec)             Sans
(fontspec)             Math:mode=base;script=math;language=dflt;mathfontdimen=xetex;"<6.84375-9.3075>"name:Lete
(fontspec)             Sans
(fontspec)             Math:mode=base;script=math;language=dflt;mathfontdimen=xetex;+ssty=0;"<-6.84375>"name:Lete
(fontspec)             Sans
(fontspec)             Math:mode=base;script=math;language=dflt;mathfontdimen=xetex;+ssty=1;"
(fontspec)             - 'bold' (b/n) with NFSS spec.: <->"name:Lete Sans
(fontspec)             Math/B:mode=base;script=math;language=dflt;mathfontdimen=xetex;"

LaTeX Font Info:    Encoding `OT1' has changed to `TU' for symbol font
(Font)              `operators' in the math version `normal' on input line 32.
LaTeX Font Info:    Overwriting symbol font `operators' in version `normal'
(Font)                  OT1/cmr/m/n --> TU/LeteSansMath(1)/m/n on input line 32.
LaTeX Font Info:    Encoding `OT1' has changed to `TU' for symbol font
(Font)              `operators' in the math version `bold' on input line 32.
LaTeX Font Info:    Overwriting symbol font `operators' in version `bold'
(Font)                  OT1/cmr/bx/n --> TU/LeteSansMath(1)/b/n on input line 32.

Package fontspec Info: 
(fontspec)             Font family 'LeteSansMath(2)' created for font 'Lete
(fontspec)             Sans Math' with options
(fontspec)             [Renderer=Basic,BoldItalicFont={},ItalicFont={},SmallCapsFont={},Script=Math,SizeFeatures={{Size=9.3075-},{Size=6.84375-9.3075,Font=Lete
(fontspec)             Sans Math,Style=MathScript},{Size=-6.84375,Font=Lete
(fontspec)             Sans
(fontspec)             Math,Style=MathScriptScript}},RawFeature={mathfontdimen=xetex},RawFeature={mathfontdimen=tex2}].
(fontspec)              
(fontspec)              This font family consists of the following NFSS
(fontspec)             series/shapes:
(fontspec)              
(fontspec)             - 'normal' (m/n) with NFSS spec.: <9.3075->"name:Lete
(fontspec)             Sans
(fontspec)             Math:mode=base;script=math;language=dflt;mathfontdimen=xetex;mathfontdimen=tex2;"<6.84375-9.3075>"name:Lete
(fontspec)             Sans
(fontspec)             Math:mode=base;script=math;language=dflt;mathfontdimen=xetex;mathfontdimen=tex2;+ssty=0;"<-6.84375>"name:Lete
(fontspec)             Sans
(fontspec)             Math:mode=base;script=math;language=dflt;mathfontdimen=xetex;mathfontdimen=tex2;+ssty=1;"
(fontspec)             - 'bold' (b/n) with NFSS spec.: <->"name:Lete Sans
(fontspec)             Math/B:mode=base;script=math;language=dflt;mathfontdimen=xetex;mathfontdimen=tex2;"

LaTeX Font Info:    Encoding `OMS' has changed to `TU' for symbol font
(Font)              `symbols' in the math version `normal' on input line 32.
LaTeX Font Info:    Overwriting symbol font `symbols' in version `normal'
(Font)                  OMS/cmsy/m/n --> TU/LeteSansMath(2)/m/n on input line 32.
LaTeX Font Info:    Encoding `OMS' has changed to `TU' for symbol font
(Font)              `symbols' in the math version `bold' on input line 32.
LaTeX Font Info:    Overwriting symbol font `symbols' in version `bold'
(Font)                  OMS/cmsy/b/n --> TU/LeteSansMath(2)/b/n on input line 32.

Package fontspec Info: 
(fontspec)             Font family 'LeteSansMath(3)' created for font 'Lete
(fontspec)             Sans Math' with options
(fontspec)             [Renderer=Basic,BoldItalicFont={},ItalicFont={},SmallCapsFont={},Script=Math,SizeFeatures={{Size=9.3075-},{Size=6.84375-9.3075,Font=Lete
(fontspec)             Sans Math,Style=MathScript},{Size=-6.84375,Font=Lete
(fontspec)             Sans
(fontspec)             Math,Style=MathScriptScript}},RawFeature={mathfontdimen=xetex},RawFeature={mathfontdimen=tex3}].
(fontspec)              
(fontspec)              This font family consists of the following NFSS
(fontspec)             series/shapes:
(fontspec)              
(fontspec)             - 'normal' (m/n) with NFSS spec.: <9.3075->"name:Lete
(fontspec)             Sans
(fontspec)             Math:mode=base;script=math;language=dflt;mathfontdimen=xetex;mathfontdimen=tex3;"<6.84375-9.3075>"name:Lete
(fontspec)             Sans
(fontspec)             Math:mode=base;script=math;language=dflt;mathfontdimen=xetex;mathfontdimen=tex3;+ssty=0;"<-6.84375>"name:Lete
(fontspec)             Sans
(fontspec)             Math:mode=base;script=math;language=dflt;mathfontdimen=xetex;mathfontdimen=tex3;+ssty=1;"
(fontspec)             - 'bold' (b/n) with NFSS spec.: <->"name:Lete Sans
(fontspec)             Math/B:mode=base;script=math;language=dflt;mathfontdimen=xetex;mathfontdimen=tex3;"

LaTeX Font Info:    Encoding `OMX' has changed to `TU' for symbol font
(Font)              `largesymbols' in the math version `normal' on input line 32.
LaTeX Font Info:    Overwriting symbol font `largesymbols' in version `normal'
(Font)                  OMX/cmex/m/n --> TU/LeteSansMath(3)/m/n on input line 32.
LaTeX Font Info:    Encoding `OMX' has changed to `TU' for symbol font
(Font)              `largesymbols' in the math version `bold' on input line 32.
LaTeX Font Info:    Overwriting symbol font `largesymbols' in version `bold'
(Font)                  OMX/cmex/m/n --> TU/LeteSansMath(3)/b/n on input line 32.
LaTeX Font Info:    Trying to load font information for U+msa on input line 32.
 (c:/texlive/2025/texmf-dist/tex/latex/amsfonts/umsa.fd
File: umsa.fd 2013/01/14 v3.01 AMS symbols A
)
LaTeX Font Info:    Trying to load font information for U+msb on input line 32.
 (c:/texlive/2025/texmf-dist/tex/latex/amsfonts/umsb.fd
File: umsb.fd 2013/01/14 v3.01 AMS symbols B
) ("./Artikel gloeilamp.aux"
Package babel Info: 'dutch' activates 'dutch' shorthands.
(babel)             Reported on input line 12.
)
\openout1 = Artikel gloeilamp.aux

LaTeX Font Info:    Checking defaults for OML/cmm/m/it on input line 107.
LaTeX Font Info:    ... okay on input line 107.
LaTeX Font Info:    Checking defaults for OMS/cmsy/m/n on input line 107.
LaTeX Font Info:    ... okay on input line 107.
LaTeX Font Info:    Checking defaults for OT1/cmr/m/n on input line 107.
LaTeX Font Info:    ... okay on input line 107.
LaTeX Font Info:    Checking defaults for T1/cmr/m/n on input line 107.
LaTeX Font Info:    ... okay on input line 107.
LaTeX Font Info:    Checking defaults for TS1/cmr/m/n on input line 107.
LaTeX Font Info:    ... okay on input line 107.
LaTeX Font Info:    Checking defaults for TU/lmr/m/n on input line 107.
LaTeX Font Info:    ... okay on input line 107.
LaTeX Font Info:    Checking defaults for OMX/cmex/m/n on input line 107.
LaTeX Font Info:    ... okay on input line 107.
LaTeX Font Info:    Checking defaults for U/cmr/m/n on input line 107.
LaTeX Font Info:    ... okay on input line 107.
LaTeX Font Info:    Checking defaults for PD1/pdf/m/n on input line 107.
LaTeX Font Info:    ... okay on input line 107.
LaTeX Font Info:    Checking defaults for PU/pdf/m/n on input line 107.
LaTeX Font Info:    ... okay on input line 107.
Package hyperref Info: Link coloring OFF on input line 107.
 ("./Artikel gloeilamp.out") ("./Artikel gloeilamp.out")
\@outlinefile=\write4

\openout4 = Artikel gloeilamp.out
Package caption Info: Begin \AtBeginDocument code.
Package caption Info: float package is loaded.
Package caption Info: End \AtBeginDocument code.
 (c:/texlive/2025/texmf-dist/tex/latex/translations/translations-basic-dictionary-dutch.trsl
File: translations-basic-dictionary-dutch.trsl (dutch translation file `translations-basic-dictionary')
)
Package translations Info: loading dictionary `translations-basic-dictionary' for `dutch'. on input line 107.
LaTeX Font Info:    Overwriting math alphabet `\mathsf' in version `normal'
(Font)                  OT1/cmss/m/n --> TU/lmss/m/n on input line 107.
LaTeX Font Info:    Overwriting math alphabet `\mathsf' in version `bold'
(Font)                  OT1/cmss/bx/n --> TU/lmss/b/n on input line 107.
LaTeX Font Info:    Overwriting math alphabet `\mathtt' in version `normal'
(Font)                  OT1/cmtt/m/n --> TU/lmtt/m/n on input line 107.
LaTeX Font Info:    Overwriting math alphabet `\mathtt' in version `bold'
(Font)                  OT1/cmtt/m/n --> TU/lmtt/b/n on input line 107.
 (c:/texlive/2025/texmf-dist/tex/context/base/mkii/supp-pdf.mkii
[Loading MPS to PDF converter (version 2006.09.02).]
\scratchcounter=\count477
\scratchdimen=\dimen400
\scratchbox=\box114
\nofMPsegments=\count478
\nofMParguments=\count479
\everyMPshowfont=\toks49
\MPscratchCnt=\count480
\MPscratchDim=\dimen401
\MPnumerator=\count481
\makeMPintoPDFobject=\count482
\everyMPtoPDFconversion=\toks50
) (c:/texlive/2025/texmf-dist/tex/latex/epstopdf-pkg/epstopdf-base.sty
Package: epstopdf-base 2020-01-24 v2.11 Base part for package epstopdf
Package epstopdf-base Info: Redefining graphics rule for `.eps' on input line 485.
 (c:/texlive/2025/texmf-dist/tex/latex/latexconfig/epstopdf-sys.cfg
File: epstopdf-sys.cfg 2010/07/13 v1.3 Configuration of (r)epstopdf for TeX Live
))
Package pgfplots notification 'compat/show suggested version=true': document has been generated with the most recent feature set (\pgfplotsset{compat=1.18}).

[1

{c:/texlive/2025/texmf-var/fonts/map/pdftex/updmap/pdftex.map}] [2] [3] [4] [5] [6]
NEWPREFIX start: ptc
NEWPREFIX save current: 
NEWPREFIX register
NEWPREFIX init_backup
\g__numodel_ptc_rulecounter_int=\count483
\g__numodel_ptc_steps_int=\count484
NEWPREFIX lua_init
NEWPREFIX clear_state
NEWPREFIX set_current
NEWPREFIX done: ptc
MVAR start: T
MVAR before-keys-set
MVAR after-keys-set
MVAR eff: ptc
MVAR body fullname: ptcT
MVAR done: T
MVAR start: Dt
MVAR before-keys-set
MVAR after-keys-set
MVAR eff: ptc
MVAR body fullname: ptcDt
MVAR done: Dt
MVAR start: Ub
MVAR before-keys-set
MVAR after-keys-set
MVAR eff: ptc
MVAR body fullname: ptcUb
MVAR done: Ub
MVAR start: Tnul
MVAR before-keys-set
MVAR after-keys-set
MVAR eff: ptc
MVAR body fullname: ptcTnul
MVAR done: Tnul
MVAR start: Rnul
MVAR before-keys-set
MVAR after-keys-set
MVAR eff: ptc
MVAR body fullname: ptcRnul
MVAR done: Rnul
MVAR start: Wtc
MVAR before-keys-set
MVAR after-keys-set
MVAR eff: ptc
MVAR body fullname: ptcWtc
MVAR done: Wtc
MVAR start: SB
MVAR before-keys-set
MVAR after-keys-set
MVAR eff: ptc
MVAR body fullname: ptcSB
MVAR done: SB
MVAR start: Mc
MVAR before-keys-set
MVAR after-keys-set
MVAR eff: ptc
MVAR body fullname: ptcMc
MVAR done: Mc
MVAR start: I
MVAR before-keys-set
MVAR after-keys-set
MVAR eff: ptc
MVAR body fullname: ptcI
MVAR done: I
MVAR start: Rser
MVAR before-keys-set
MVAR after-keys-set
MVAR eff: ptc
MVAR body fullname: ptcRser
MVAR done: Rser
MVAR start: Rpar
MVAR before-keys-set
MVAR after-keys-set
MVAR eff: ptc
MVAR body fullname: ptcRpar
MVAR done: Rpar
MVAR start: Upar
MVAR before-keys-set
MVAR after-keys-set
MVAR eff: ptc
MVAR body fullname: ptcUpar
MVAR done: Upar
MVAR start: User
MVAR before-keys-set
MVAR after-keys-set
MVAR eff: ptc
MVAR body fullname: ptcUser
MVAR done: User
MVAR start: Pser
MVAR before-keys-set
MVAR after-keys-set
MVAR eff: ptc
MVAR body fullname: ptcPser
MVAR done: Pser
MVAR start: Ppar
MVAR before-keys-set
MVAR after-keys-set
MVAR eff: ptc
MVAR body fullname: ptcPpar
MVAR done: Ppar
MVAR start: Tser
MVAR before-keys-set
MVAR after-keys-set
MVAR eff: ptc
MVAR body fullname: ptcTser
MVAR done: Tser
MVAR start: Tpar
MVAR before-keys-set
MVAR after-keys-set
MVAR eff: ptc
MVAR body fullname: ptcTpar
MVAR done: Tpar
MRULE start: I
VTD input: \ptcUb / (\ptcRser + \ptcRpar / 2)
VTD seq: ptcT|ptcDt|ptcUb|ptcTnul|ptcRnul|ptcWtc|ptcSB|ptcMc|ptcI|ptcRser|ptcRpar|ptcUpar|ptcUser|ptcPser|ptcPpar|ptcTser|ptcTpar
VTD iter: ptcT
VTD replace \c {ptcT} with t
VTD iter: ptcDt
VTD replace \c {ptcDt} with dt
VTD iter: ptcUb
VTD replace \c {ptcUb} with U_b
VTD iter: ptcTnul
VTD replace \c {ptcTnul} with T_0
VTD iter: ptcRnul
VTD replace \c {ptcRnul} with R_0
VTD iter: ptcWtc
VTD replace \c {ptcWtc} with \mitalpha 
VTD iter: ptcSB
VTD replace \c {ptcSB} with \mitvarepsilon \mitsigma A
VTD iter: ptcMc
VTD replace \c {ptcMc} with mc
VTD iter: ptcI
VTD replace \c {ptcI} with I
VTD iter: ptcRser
VTD replace \c {ptcRser} with R_3
VTD iter: ptcRpar
VTD replace \c {ptcRpar} with R_{1,2}
VTD iter: ptcUpar
VTD replace \c {ptcUpar} with U_{1,2}
VTD iter: ptcUser
VTD replace \c {ptcUser} with U_3
VTD iter: ptcPser
VTD replace \c {ptcPser} with P_3
VTD iter: ptcPpar
VTD replace \c {ptcPpar} with P_{1,2}
VTD iter: ptcTser
VTD replace \c {ptcTser} with T_3
VTD iter: ptcTpar
VTD replace \c {ptcTpar} with T_{1,2}
MRULE rhs after: U_b/ (R_3+ R_{1,2}/ 2)
MRULE display: I\,=\,U_b/ (R_3+ R_{1,2}/ 2)
MRULE done: I
MRULE start: Upar
VTD input: \ptcI * \ptcRpar / 2
VTD seq: ptcT|ptcDt|ptcUb|ptcTnul|ptcRnul|ptcWtc|ptcSB|ptcMc|ptcI|ptcRser|ptcRpar|ptcUpar|ptcUser|ptcPser|ptcPpar|ptcTser|ptcTpar
VTD iter: ptcT
VTD replace \c {ptcT} with t
VTD iter: ptcDt
VTD replace \c {ptcDt} with dt
VTD iter: ptcUb
VTD replace \c {ptcUb} with U_b
VTD iter: ptcTnul
VTD replace \c {ptcTnul} with T_0
VTD iter: ptcRnul
VTD replace \c {ptcRnul} with R_0
VTD iter: ptcWtc
VTD replace \c {ptcWtc} with \mitalpha 
VTD iter: ptcSB
VTD replace \c {ptcSB} with \mitvarepsilon \mitsigma A
VTD iter: ptcMc
VTD replace \c {ptcMc} with mc
VTD iter: ptcI
VTD replace \c {ptcI} with I
VTD iter: ptcRser
VTD replace \c {ptcRser} with R_3
VTD iter: ptcRpar
VTD replace \c {ptcRpar} with R_{1,2}
VTD iter: ptcUpar
VTD replace \c {ptcUpar} with U_{1,2}
VTD iter: ptcUser
VTD replace \c {ptcUser} with U_3
VTD iter: ptcPser
VTD replace \c {ptcPser} with P_3
VTD iter: ptcPpar
VTD replace \c {ptcPpar} with P_{1,2}
VTD iter: ptcTser
VTD replace \c {ptcTser} with T_3
VTD iter: ptcTpar
VTD replace \c {ptcTpar} with T_{1,2}
MRULE rhs after: I\cdot   R_{1,2}/ 2
MRULE display: U_{1,2}\,=\,I\cdot   R_{1,2}/ 2
MRULE done: Upar
MRULE start: User
VTD input: \ptcI * \ptcRser 
VTD seq: ptcT|ptcDt|ptcUb|ptcTnul|ptcRnul|ptcWtc|ptcSB|ptcMc|ptcI|ptcRser|ptcRpar|ptcUpar|ptcUser|ptcPser|ptcPpar|ptcTser|ptcTpar
VTD iter: ptcT
VTD replace \c {ptcT} with t
VTD iter: ptcDt
VTD replace \c {ptcDt} with dt
VTD iter: ptcUb
VTD replace \c {ptcUb} with U_b
VTD iter: ptcTnul
VTD replace \c {ptcTnul} with T_0
VTD iter: ptcRnul
VTD replace \c {ptcRnul} with R_0
VTD iter: ptcWtc
VTD replace \c {ptcWtc} with \mitalpha 
VTD iter: ptcSB
VTD replace \c {ptcSB} with \mitvarepsilon \mitsigma A
VTD iter: ptcMc
VTD replace \c {ptcMc} with mc
VTD iter: ptcI
VTD replace \c {ptcI} with I
VTD iter: ptcRser
VTD replace \c {ptcRser} with R_3
VTD iter: ptcRpar
VTD replace \c {ptcRpar} with R_{1,2}
VTD iter: ptcUpar
VTD replace \c {ptcUpar} with U_{1,2}
VTD iter: ptcUser
VTD replace \c {ptcUser} with U_3
VTD iter: ptcPser
VTD replace \c {ptcPser} with P_3
VTD iter: ptcPpar
VTD replace \c {ptcPpar} with P_{1,2}
VTD iter: ptcTser
VTD replace \c {ptcTser} with T_3
VTD iter: ptcTpar
VTD replace \c {ptcTpar} with T_{1,2}
MRULE rhs after: I\cdot   R_3
MRULE display: U_3\,=\,I\cdot   R_3
MRULE done: User
MRULE start: Ppar
VTD input: \ptcI ^2 * \ptcRpar / 4
VTD seq: ptcT|ptcDt|ptcUb|ptcTnul|ptcRnul|ptcWtc|ptcSB|ptcMc|ptcI|ptcRser|ptcRpar|ptcUpar|ptcUser|ptcPser|ptcPpar|ptcTser|ptcTpar
VTD iter: ptcT
VTD replace \c {ptcT} with t
VTD iter: ptcDt
VTD replace \c {ptcDt} with dt
VTD iter: ptcUb
VTD replace \c {ptcUb} with U_b
VTD iter: ptcTnul
VTD replace \c {ptcTnul} with T_0
VTD iter: ptcRnul
VTD replace \c {ptcRnul} with R_0
VTD iter: ptcWtc
VTD replace \c {ptcWtc} with \mitalpha 
VTD iter: ptcSB
VTD replace \c {ptcSB} with \mitvarepsilon \mitsigma A
VTD iter: ptcMc
VTD replace \c {ptcMc} with mc
VTD iter: ptcI
VTD replace \c {ptcI} with I
VTD iter: ptcRser
VTD replace \c {ptcRser} with R_3
VTD iter: ptcRpar
VTD replace \c {ptcRpar} with R_{1,2}
VTD iter: ptcUpar
VTD replace \c {ptcUpar} with U_{1,2}
VTD iter: ptcUser
VTD replace \c {ptcUser} with U_3
VTD iter: ptcPser
VTD replace \c {ptcPser} with P_3
VTD iter: ptcPpar
VTD replace \c {ptcPpar} with P_{1,2}
VTD iter: ptcTser
VTD replace \c {ptcTser} with T_3
VTD iter: ptcTpar
VTD replace \c {ptcTpar} with T_{1,2}
MRULE rhs after: I^2 \cdot   R_{1,2}/ 4
MRULE display: P_{1,2}\,=\,I^2 \cdot   R_{1,2}/ 4
MRULE done: Ppar
MRULE start: Pser
VTD input: \ptcI ^2 * \ptcRser 
VTD seq: ptcT|ptcDt|ptcUb|ptcTnul|ptcRnul|ptcWtc|ptcSB|ptcMc|ptcI|ptcRser|ptcRpar|ptcUpar|ptcUser|ptcPser|ptcPpar|ptcTser|ptcTpar
VTD iter: ptcT
VTD replace \c {ptcT} with t
VTD iter: ptcDt
VTD replace \c {ptcDt} with dt
VTD iter: ptcUb
VTD replace \c {ptcUb} with U_b
VTD iter: ptcTnul
VTD replace \c {ptcTnul} with T_0
VTD iter: ptcRnul
VTD replace \c {ptcRnul} with R_0
VTD iter: ptcWtc
VTD replace \c {ptcWtc} with \mitalpha 
VTD iter: ptcSB
VTD replace \c {ptcSB} with \mitvarepsilon \mitsigma A
VTD iter: ptcMc
VTD replace \c {ptcMc} with mc
VTD iter: ptcI
VTD replace \c {ptcI} with I
VTD iter: ptcRser
VTD replace \c {ptcRser} with R_3
VTD iter: ptcRpar
VTD replace \c {ptcRpar} with R_{1,2}
VTD iter: ptcUpar
VTD replace \c {ptcUpar} with U_{1,2}
VTD iter: ptcUser
VTD replace \c {ptcUser} with U_3
VTD iter: ptcPser
VTD replace \c {ptcPser} with P_3
VTD iter: ptcPpar
VTD replace \c {ptcPpar} with P_{1,2}
VTD iter: ptcTser
VTD replace \c {ptcTser} with T_3
VTD iter: ptcTpar
VTD replace \c {ptcTpar} with T_{1,2}
MRULE rhs after: I^2 \cdot   R_3
MRULE display: P_3\,=\,I^2 \cdot   R_3
MRULE done: Pser
MRULE start: Tpar
VTD input: \ptcTpar + \ptcPpar * \ptcDt / \ptcMc - \ptcSB * \ptcTpar ^4 * \ptcDt / \ptcMc 
VTD seq: ptcT|ptcDt|ptcUb|ptcTnul|ptcRnul|ptcWtc|ptcSB|ptcMc|ptcI|ptcRser|ptcRpar|ptcUpar|ptcUser|ptcPser|ptcPpar|ptcTser|ptcTpar
VTD iter: ptcT
VTD replace \c {ptcT} with t
VTD iter: ptcDt
VTD replace \c {ptcDt} with dt
VTD iter: ptcUb
VTD replace \c {ptcUb} with U_b
VTD iter: ptcTnul
VTD replace \c {ptcTnul} with T_0
VTD iter: ptcRnul
VTD replace \c {ptcRnul} with R_0
VTD iter: ptcWtc
VTD replace \c {ptcWtc} with \mitalpha 
VTD iter: ptcSB
VTD replace \c {ptcSB} with \mitvarepsilon \mitsigma A
VTD iter: ptcMc
VTD replace \c {ptcMc} with mc
VTD iter: ptcI
VTD replace \c {ptcI} with I
VTD iter: ptcRser
VTD replace \c {ptcRser} with R_3
VTD iter: ptcRpar
VTD replace \c {ptcRpar} with R_{1,2}
VTD iter: ptcUpar
VTD replace \c {ptcUpar} with U_{1,2}
VTD iter: ptcUser
VTD replace \c {ptcUser} with U_3
VTD iter: ptcPser
VTD replace \c {ptcPser} with P_3
VTD iter: ptcPpar
VTD replace \c {ptcPpar} with P_{1,2}
VTD iter: ptcTser
VTD replace \c {ptcTser} with T_3
VTD iter: ptcTpar
VTD replace \c {ptcTpar} with T_{1,2}
MRULE rhs after: T_{1,2}+ P_{1,2}\cdot   dt/ mc- \mitvarepsilon \mitsigma A\cdot   T_{1,2}^4 \cdot   dt/ mc
MRULE display: T_{1,2}\,=\,T_{1,2}+ P_{1,2}\cdot   dt/ mc- \mitvarepsilon \mitsigma A\cdot   T_{1,2}^4 \cdot   dt/ mc
MRULE done: Tpar
MRULE start: Tser
VTD input: \ptcTser + \ptcPser * \ptcDt / \ptcMc - \ptcSB * \ptcTser ^4 * \ptcDt / \ptcMc 
VTD seq: ptcT|ptcDt|ptcUb|ptcTnul|ptcRnul|ptcWtc|ptcSB|ptcMc|ptcI|ptcRser|ptcRpar|ptcUpar|ptcUser|ptcPser|ptcPpar|ptcTser|ptcTpar
VTD iter: ptcT
VTD replace \c {ptcT} with t
VTD iter: ptcDt
VTD replace \c {ptcDt} with dt
VTD iter: ptcUb
VTD replace \c {ptcUb} with U_b
VTD iter: ptcTnul
VTD replace \c {ptcTnul} with T_0
VTD iter: ptcRnul
VTD replace \c {ptcRnul} with R_0
VTD iter: ptcWtc
VTD replace \c {ptcWtc} with \mitalpha 
VTD iter: ptcSB
VTD replace \c {ptcSB} with \mitvarepsilon \mitsigma A
VTD iter: ptcMc
VTD replace \c {ptcMc} with mc
VTD iter: ptcI
VTD replace \c {ptcI} with I
VTD iter: ptcRser
VTD replace \c {ptcRser} with R_3
VTD iter: ptcRpar
VTD replace \c {ptcRpar} with R_{1,2}
VTD iter: ptcUpar
VTD replace \c {ptcUpar} with U_{1,2}
VTD iter: ptcUser
VTD replace \c {ptcUser} with U_3
VTD iter: ptcPser
VTD replace \c {ptcPser} with P_3
VTD iter: ptcPpar
VTD replace \c {ptcPpar} with P_{1,2}
VTD iter: ptcTser
VTD replace \c {ptcTser} with T_3
VTD iter: ptcTpar
VTD replace \c {ptcTpar} with T_{1,2}
MRULE rhs after: T_3+ P_3\cdot   dt/ mc- \mitvarepsilon \mitsigma A\cdot   T_3^4 \cdot   dt/ mc
MRULE display: T_3\,=\,T_3+ P_3\cdot   dt/ mc- \mitvarepsilon \mitsigma A\cdot   T_3^4 \cdot   dt/ mc
MRULE done: Tser
MRULE start: Rpar
VTD input: \ptcRnul * (1 + \ptcWtc * (\ptcTpar - \ptcTnul ))
VTD seq: ptcT|ptcDt|ptcUb|ptcTnul|ptcRnul|ptcWtc|ptcSB|ptcMc|ptcI|ptcRser|ptcRpar|ptcUpar|ptcUser|ptcPser|ptcPpar|ptcTser|ptcTpar
VTD iter: ptcT
VTD replace \c {ptcT} with t
VTD iter: ptcDt
VTD replace \c {ptcDt} with dt
VTD iter: ptcUb
VTD replace \c {ptcUb} with U_b
VTD iter: ptcTnul
VTD replace \c {ptcTnul} with T_0
VTD iter: ptcRnul
VTD replace \c {ptcRnul} with R_0
VTD iter: ptcWtc
VTD replace \c {ptcWtc} with \mitalpha 
VTD iter: ptcSB
VTD replace \c {ptcSB} with \mitvarepsilon \mitsigma A
VTD iter: ptcMc
VTD replace \c {ptcMc} with mc
VTD iter: ptcI
VTD replace \c {ptcI} with I
VTD iter: ptcRser
VTD replace \c {ptcRser} with R_3
VTD iter: ptcRpar
VTD replace \c {ptcRpar} with R_{1,2}
VTD iter: ptcUpar
VTD replace \c {ptcUpar} with U_{1,2}
VTD iter: ptcUser
VTD replace \c {ptcUser} with U_3
VTD iter: ptcPser
VTD replace \c {ptcPser} with P_3
VTD iter: ptcPpar
VTD replace \c {ptcPpar} with P_{1,2}
VTD iter: ptcTser
VTD replace \c {ptcTser} with T_3
VTD iter: ptcTpar
VTD replace \c {ptcTpar} with T_{1,2}
MRULE rhs after: R_0\cdot   (1 + \mitalpha \cdot   (T_{1,2}- T_0))
MRULE display: R_{1,2}\,=\,R_0\cdot   (1 + \mitalpha \cdot   (T_{1,2}- T_0))
MRULE done: Rpar
MRULE start: Rser
VTD input: \ptcRnul * (1 + \ptcWtc * (\ptcTser - \ptcTnul ))
VTD seq: ptcT|ptcDt|ptcUb|ptcTnul|ptcRnul|ptcWtc|ptcSB|ptcMc|ptcI|ptcRser|ptcRpar|ptcUpar|ptcUser|ptcPser|ptcPpar|ptcTser|ptcTpar
VTD iter: ptcT
VTD replace \c {ptcT} with t
VTD iter: ptcDt
VTD replace \c {ptcDt} with dt
VTD iter: ptcUb
VTD replace \c {ptcUb} with U_b
VTD iter: ptcTnul
VTD replace \c {ptcTnul} with T_0
VTD iter: ptcRnul
VTD replace \c {ptcRnul} with R_0
VTD iter: ptcWtc
VTD replace \c {ptcWtc} with \mitalpha 
VTD iter: ptcSB
VTD replace \c {ptcSB} with \mitvarepsilon \mitsigma A
VTD iter: ptcMc
VTD replace \c {ptcMc} with mc
VTD iter: ptcI
VTD replace \c {ptcI} with I
VTD iter: ptcRser
VTD replace \c {ptcRser} with R_3
VTD iter: ptcRpar
VTD replace \c {ptcRpar} with R_{1,2}
VTD iter: ptcUpar
VTD replace \c {ptcUpar} with U_{1,2}
VTD iter: ptcUser
VTD replace \c {ptcUser} with U_3
VTD iter: ptcPser
VTD replace \c {ptcPser} with P_3
VTD iter: ptcPpar
VTD replace \c {ptcPpar} with P_{1,2}
VTD iter: ptcTser
VTD replace \c {ptcTser} with T_3
VTD iter: ptcTpar
VTD replace \c {ptcTpar} with T_{1,2}
MRULE rhs after: R_0\cdot   (1 + \mitalpha \cdot   (T_3- T_0))
MRULE display: R_3\,=\,R_0\cdot   (1 + \mitalpha \cdot   (T_3- T_0))
MRULE done: Rser
MRULE start: T
VTD input: \ptcT + \ptcDt 
VTD seq: ptcT|ptcDt|ptcUb|ptcTnul|ptcRnul|ptcWtc|ptcSB|ptcMc|ptcI|ptcRser|ptcRpar|ptcUpar|ptcUser|ptcPser|ptcPpar|ptcTser|ptcTpar
VTD iter: ptcT
VTD replace \c {ptcT} with t
VTD iter: ptcDt
VTD replace \c {ptcDt} with dt
VTD iter: ptcUb
VTD replace \c {ptcUb} with U_b
VTD iter: ptcTnul
VTD replace \c {ptcTnul} with T_0
VTD iter: ptcRnul
VTD replace \c {ptcRnul} with R_0
VTD iter: ptcWtc
VTD replace \c {ptcWtc} with \mitalpha 
VTD iter: ptcSB
VTD replace \c {ptcSB} with \mitvarepsilon \mitsigma A
VTD iter: ptcMc
VTD replace \c {ptcMc} with mc
VTD iter: ptcI
VTD replace \c {ptcI} with I
VTD iter: ptcRser
VTD replace \c {ptcRser} with R_3
VTD iter: ptcRpar
VTD replace \c {ptcRpar} with R_{1,2}
VTD iter: ptcUpar
VTD replace \c {ptcUpar} with U_{1,2}
VTD iter: ptcUser
VTD replace \c {ptcUser} with U_3
VTD iter: ptcPser
VTD replace \c {ptcPser} with P_3
VTD iter: ptcPpar
VTD replace \c {ptcPpar} with P_{1,2}
VTD iter: ptcTser
VTD replace \c {ptcTser} with T_3
VTD iter: ptcTpar
VTD replace \c {ptcTpar} with T_{1,2}
MRULE rhs after: t+ dt
MRULE display: t\,=\,t+ dt
MRULE done: T
MSTOP start
VTD input: \ptcT >= 0.3
VTD seq: ptcT|ptcDt|ptcUb|ptcTnul|ptcRnul|ptcWtc|ptcSB|ptcMc|ptcI|ptcRser|ptcRpar|ptcUpar|ptcUser|ptcPser|ptcPpar|ptcTser|ptcTpar
VTD iter: ptcT
VTD replace \c {ptcT} with t
VTD iter: ptcDt
VTD replace \c {ptcDt} with dt
VTD iter: ptcUb
VTD replace \c {ptcUb} with U_b
VTD iter: ptcTnul
VTD replace \c {ptcTnul} with T_0
VTD iter: ptcRnul
VTD replace \c {ptcRnul} with R_0
VTD iter: ptcWtc
VTD replace \c {ptcWtc} with \mitalpha 
VTD iter: ptcSB
VTD replace \c {ptcSB} with \mitvarepsilon \mitsigma A
VTD iter: ptcMc
VTD replace \c {ptcMc} with mc
VTD iter: ptcI
VTD replace \c {ptcI} with I
VTD iter: ptcRser
VTD replace \c {ptcRser} with R_3
VTD iter: ptcRpar
VTD replace \c {ptcRpar} with R_{1,2}
VTD iter: ptcUpar
VTD replace \c {ptcUpar} with U_{1,2}
VTD iter: ptcUser
VTD replace \c {ptcUser} with U_3
VTD iter: ptcPser
VTD replace \c {ptcPser} with P_3
VTD iter: ptcPpar
VTD replace \c {ptcPpar} with P_{1,2}
VTD iter: ptcTser
VTD replace \c {ptcTser} with T_3
VTD iter: ptcTpar
VTD replace \c {ptcTpar} with T_{1,2}
MSTOP done
TEXTMODEL start
BUILD_TABLE rules: I\,=\,U_b/ (R_3+ R_{1,2}/ 2)|U_{1,2}\,=\,I\cdot   R_{1,2}/ 2|U_3\,=\,I\cdot   R_3|P_{1,2}\,=\,I^2 \cdot   R_{1,2}/ 4|P_3\,=\,I^2 \cdot   R_3|T_{1,2}\,=\,T_{1,2}+ P_{1,2}\cdot   dt/ mc- \mitvarepsilon \mitsigma A\cdot   T_{1,2}^4 \cdot   dt/ mc|T_3\,=\,T_3+ P_3\cdot   dt/ mc- \mitvarepsilon \mitsigma A\cdot   T_3^4 \cdot   dt/ mc|R_{1,2}\,=\,R_0\cdot   (1 + \mitalpha \cdot   (T_{1,2}- T_0))|R_3\,=\,R_0\cdot   (1 + \mitalpha \cdot   (T_3- T_0))|t\,=\,t+ dt|\protect \protect \unhbox \voidb@x \hbox {Als }t\geqslant   0.3\protect \protect \unhbox \voidb@x \hbox { Dan}\protect \protect \unhbox \voidb@x \hbox { Stop }\protect \protect \unhbox \voidb@x \hbox {EindAls}
BUILD_TABLE types: rule|rule|rule|rule|rule|rule|rule|rule|rule|rule|rule
BUILD_TABLE numrules: 11
BUILD_TABLE numstarts: 17
BUILD_TABLE before-step table: \begin {tblr}[theme={numodel}]{colspec={r|l|l},rowhead=1}&\textbf {model}&\textbf {startwaarden}\\\hline 
BUILD_TABLE iter row: 0
BUILD_TABLE row: 1type: rule
BUILD_TABLE emit rule num: 1content: I\,=\,U_b/ (R_3+ R_{1,2}/ 2)
BUILD_TABLE after-emit table tail: {tblr}[theme={numodel}]{colspec={r|l|l},rowhead=1}&\textbf {model}&\textbf {startwaarden}\\\hline \rule {0pt}{2.6ex}1&$I\,=\,U_b/ (R_3+ R_{1,2}/ 2)$&
BUILD_TABLE iter row: 1
BUILD_TABLE row: 2type: rule
BUILD_TABLE emit rule num: 2content: U_{1,2}\,=\,I\cdot   R_{1,2}/ 2
BUILD_TABLE after-emit table tail: {tblr}[theme={numodel}]{colspec={r|l|l},rowhead=1}&\textbf {model}&\textbf {startwaarden}\\\hline \rule {0pt}{2.6ex}1&$I\,=\,U_b/ (R_3+ R_{1,2}/ 2)$&$t=\ptcTqty $\\\rule {0pt}{2.6ex}2&$U_{1,2}\,=\,I\cdot   R_{1,2}/ 2$&
BUILD_TABLE iter row: 2
BUILD_TABLE row: 3type: rule
BUILD_TABLE emit rule num: 3content: U_3\,=\,I\cdot   R_3
BUILD_TABLE after-emit table tail: {tblr}[theme={numodel}]{colspec={r|l|l},rowhead=1}&\textbf {model}&\textbf {startwaarden}\\\hline \rule {0pt}{2.6ex}1&$I\,=\,U_b/ (R_3+ R_{1,2}/ 2)$&$t=\ptcTqty $\\\rule {0pt}{2.6ex}2&$U_{1,2}\,=\,I\cdot   R_{1,2}/ 2$&$dt=\ptcDtqty $\\\rule {0pt}{2.6ex}3&$U_3\,=\,I\cdot   R_3$&
BUILD_TABLE iter row: 3
BUILD_TABLE row: 4type: rule
BUILD_TABLE emit rule num: 4content: P_{1,2}\,=\,I^2 \cdot   R_{1,2}/ 4
BUILD_TABLE after-emit table tail: {tblr}[theme={numodel}]{colspec={r|l|l},rowhead=1}&\textbf {model}&\textbf {startwaarden}\\\hline \rule {0pt}{2.6ex}1&$I\,=\,U_b/ (R_3+ R_{1,2}/ 2)$&$t=\ptcTqty $\\\rule {0pt}{2.6ex}2&$U_{1,2}\,=\,I\cdot   R_{1,2}/ 2$&$dt=\ptcDtqty $\\\rule {0pt}{2.6ex}3&$U_3\,=\,I\cdot   R_3$&$U_b=\ptcUbqty $\\\rule {0pt}{2.6ex}4&$P_{1,2}\,=\,I^2 \cdot   R_{1,2}/ 4$&
BUILD_TABLE iter row: 4
BUILD_TABLE row: 5type: rule
BUILD_TABLE emit rule num: 5content: P_3\,=\,I^2 \cdot   R_3
BUILD_TABLE after-emit table tail: {tblr}[theme={numodel}]{colspec={r|l|l},rowhead=1}&\textbf {model}&\textbf {startwaarden}\\\hline \rule {0pt}{2.6ex}1&$I\,=\,U_b/ (R_3+ R_{1,2}/ 2)$&$t=\ptcTqty $\\\rule {0pt}{2.6ex}2&$U_{1,2}\,=\,I\cdot   R_{1,2}/ 2$&$dt=\ptcDtqty $\\\rule {0pt}{2.6ex}3&$U_3\,=\,I\cdot   R_3$&$U_b=\ptcUbqty $\\\rule {0pt}{2.6ex}4&$P_{1,2}\,=\,I^2 \cdot   R_{1,2}/ 4$&$T_0=\ptcTnulqty $\\\rule {0pt}{2.6ex}5&$P_3\,=\,I^2 \cdot   R_3$&
BUILD_TABLE iter row: 5
BUILD_TABLE row: 6type: rule
BUILD_TABLE emit rule num: 6content: T_{1,2}\,=\,T_{1,2}+ P_{1,2}\cdot   dt/ mc- \mitvarepsilon \mitsigma A\cdot   T_{1,2}^4 \cdot   dt/ mc
BUILD_TABLE after-emit table tail: {tblr}[theme={numodel}]{colspec={r|l|l},rowhead=1}&\textbf {model}&\textbf {startwaarden}\\\hline \rule {0pt}{2.6ex}1&$I\,=\,U_b/ (R_3+ R_{1,2}/ 2)$&$t=\ptcTqty $\\\rule {0pt}{2.6ex}2&$U_{1,2}\,=\,I\cdot   R_{1,2}/ 2$&$dt=\ptcDtqty $\\\rule {0pt}{2.6ex}3&$U_3\,=\,I\cdot   R_3$&$U_b=\ptcUbqty $\\\rule {0pt}{2.6ex}4&$P_{1,2}\,=\,I^2 \cdot   R_{1,2}/ 4$&$T_0=\ptcTnulqty $\\\rule {0pt}{2.6ex}5&$P_3\,=\,I^2 \cdot   R_3$&$R_0=\ptcRnulqty $\\\rule {0pt}{2.6ex}6&$T_{1,2}\,=\,T_{1,2}+ P_{1,2}\cdot   dt/ mc- \mitvarepsilon \mitsigma A\cdot   T_{1,2}^4 \cdot   dt/ mc$&
BUILD_TABLE iter row: 6
BUILD_TABLE row: 7type: rule
BUILD_TABLE emit rule num: 7content: T_3\,=\,T_3+ P_3\cdot   dt/ mc- \mitvarepsilon \mitsigma A\cdot   T_3^4 \cdot   dt/ mc
BUILD_TABLE after-emit table tail: {tblr}[theme={numodel}]{colspec={r|l|l},rowhead=1}&\textbf {model}&\textbf {startwaarden}\\\hline \rule {0pt}{2.6ex}1&$I\,=\,U_b/ (R_3+ R_{1,2}/ 2)$&$t=\ptcTqty $\\\rule {0pt}{2.6ex}2&$U_{1,2}\,=\,I\cdot   R_{1,2}/ 2$&$dt=\ptcDtqty $\\\rule {0pt}{2.6ex}3&$U_3\,=\,I\cdot   R_3$&$U_b=\ptcUbqty $\\\rule {0pt}{2.6ex}4&$P_{1,2}\,=\,I^2 \cdot   R_{1,2}/ 4$&$T_0=\ptcTnulqty $\\\rule {0pt}{2.6ex}5&$P_3\,=\,I^2 \cdot   R_3$&$R_0=\ptcRnulqty $\\\rule {0pt}{2.6ex}6&$T_{1,2}\,=\,T_{1,2}+ P_{1,2}\cdot   dt/ mc- \mitvarepsilon \mitsigma A\cdot   T_{1,2}^4 \cdot   dt/ mc$&$\mitalpha =\ptcWtcqty $\\\rule {0pt}{2.6ex}7&$T_3\,=\,T_3+ P_3\cdot   dt/ mc- \mitvarepsilon \mitsigma A\cdot   T_3^4 \cdot   dt/ mc$&
BUILD_TABLE iter row: 7
BUILD_TABLE row: 8type: rule
BUILD_TABLE emit rule num: 8content: R_{1,2}\,=\,R_0\cdot   (1 + \mitalpha \cdot   (T_{1,2}- T_0))
BUILD_TABLE after-emit table tail: {tblr}[theme={numodel}]{colspec={r|l|l},rowhead=1}&\textbf {model}&\textbf {startwaarden}\\\hline \rule {0pt}{2.6ex}1&$I\,=\,U_b/ (R_3+ R_{1,2}/ 2)$&$t=\ptcTqty $\\\rule {0pt}{2.6ex}2&$U_{1,2}\,=\,I\cdot   R_{1,2}/ 2$&$dt=\ptcDtqty $\\\rule {0pt}{2.6ex}3&$U_3\,=\,I\cdot   R_3$&$U_b=\ptcUbqty $\\\rule {0pt}{2.6ex}4&$P_{1,2}\,=\,I^2 \cdot   R_{1,2}/ 4$&$T_0=\ptcTnulqty $\\\rule {0pt}{2.6ex}5&$P_3\,=\,I^2 \cdot   R_3$&$R_0=\ptcRnulqty $\\\rule {0pt}{2.6ex}6&$T_{1,2}\,=\,T_{1,2}+ P_{1,2}\cdot   dt/ mc- \mitvarepsilon \mitsigma A\cdot   T_{1,2}^4 \cdot   dt/ mc$&$\mitalpha =\ptcWtcqty $\\\rule {0pt}{2.6ex}7&$T_3\,=\,T_3+ P_3\cdot   dt/ mc- \mitvarepsilon \mitsigma A\cdot   T_3^4 \cdot   dt/ mc$&$\mitvarepsilon \mitsigma A=\ptcSBqty $\\\rule {0pt}{2.6ex}8&$R_{1,2}\,=\,R_0\cdot   (1 + \mitalpha \cdot   (T_{1,2}- T_0))$&
BUILD_TABLE iter row: 8
BUILD_TABLE row: 9type: rule
BUILD_TABLE emit rule num: 9content: R_3\,=\,R_0\cdot   (1 + \mitalpha \cdot   (T_3- T_0))
BUILD_TABLE after-emit table tail: {tblr}[theme={numodel}]{colspec={r|l|l},rowhead=1}&\textbf {model}&\textbf {startwaarden}\\\hline \rule {0pt}{2.6ex}1&$I\,=\,U_b/ (R_3+ R_{1,2}/ 2)$&$t=\ptcTqty $\\\rule {0pt}{2.6ex}2&$U_{1,2}\,=\,I\cdot   R_{1,2}/ 2$&$dt=\ptcDtqty $\\\rule {0pt}{2.6ex}3&$U_3\,=\,I\cdot   R_3$&$U_b=\ptcUbqty $\\\rule {0pt}{2.6ex}4&$P_{1,2}\,=\,I^2 \cdot   R_{1,2}/ 4$&$T_0=\ptcTnulqty $\\\rule {0pt}{2.6ex}5&$P_3\,=\,I^2 \cdot   R_3$&$R_0=\ptcRnulqty $\\\rule {0pt}{2.6ex}6&$T_{1,2}\,=\,T_{1,2}+ P_{1,2}\cdot   dt/ mc- \mitvarepsilon \mitsigma A\cdot   T_{1,2}^4 \cdot   dt/ mc$&$\mitalpha =\ptcWtcqty $\\\rule {0pt}{2.6ex}7&$T_3\,=\,T_3+ P_3\cdot   dt/ mc- \mitvarepsilon \mitsigma A\cdot   T_3^4 \cdot   dt/ mc$&$\mitvarepsilon \mitsigma A=\ptcSBqty $\\\rule {0pt}{2.6ex}8&$R_{1,2}\,=\,R_0\cdot   (1 + \mitalpha \cdot   (T_{1,2}- T_0))$&$mc=\ptcMcqty $\\\rule {0pt}{2.6ex}9&$R_3\,=\,R_0\cdot   (1 + \mitalpha \cdot   (T_3- T_0))$&
BUILD_TABLE iter row: 9
BUILD_TABLE row: 10type: rule
BUILD_TABLE emit rule num: 10content: t\,=\,t+ dt
BUILD_TABLE after-emit table tail: {tblr}[theme={numodel}]{colspec={r|l|l},rowhead=1}&\textbf {model}&\textbf {startwaarden}\\\hline \rule {0pt}{2.6ex}1&$I\,=\,U_b/ (R_3+ R_{1,2}/ 2)$&$t=\ptcTqty $\\\rule {0pt}{2.6ex}2&$U_{1,2}\,=\,I\cdot   R_{1,2}/ 2$&$dt=\ptcDtqty $\\\rule {0pt}{2.6ex}3&$U_3\,=\,I\cdot   R_3$&$U_b=\ptcUbqty $\\\rule {0pt}{2.6ex}4&$P_{1,2}\,=\,I^2 \cdot   R_{1,2}/ 4$&$T_0=\ptcTnulqty $\\\rule {0pt}{2.6ex}5&$P_3\,=\,I^2 \cdot   R_3$&$R_0=\ptcRnulqty $\\\rule {0pt}{2.6ex}6&$T_{1,2}\,=\,T_{1,2}+ P_{1,2}\cdot   dt/ mc- \mitvarepsilon \mitsigma A\cdot   T_{1,2}^4 \cdot   dt/ mc$&$\mitalpha =\ptcWtcqty $\\\rule {0pt}{2.6ex}7&$T_3\,=\,T_3+ P_3\cdot   dt/ mc- \mitvarepsilon \mitsigma A\cdot   T_3^4 \cdot   dt/ mc$&$\mitvarepsilon \mitsigma A=\ptcSBqty $\\\rule {0pt}{2.6ex}8&$R_{1,2}\,=\,R_0\cdot   (1 + \mitalpha \cdot   (T_{1,2}- T_0))$&$mc=\ptcMcqty $\\\rule {0pt}{2.6ex}9&$R_3\,=\,R_0\cdot   (1 + \mitalpha \cdot   (T_3- T_0))$&$I=\ptcIqty $\\\rule {0pt}{2.6ex}10&$t\,=\,t+ dt$&
BUILD_TABLE iter row: 10
BUILD_TABLE row: 11type: rule
BUILD_TABLE emit rule num: 11content: \protect \protect \unhbox \voidb@x \hbox {Als }t\geqslant   0.3\protect \protect \unhbox \voidb@x \hbox { Dan}\protect \protect \unhbox \voidb@x \hbox { Stop }\protect \protect \unhbox \voidb@x \hbox {EindAls}
BUILD_TABLE after-emit table tail: {tblr}[theme={numodel}]{colspec={r|l|l},rowhead=1}&\textbf {model}&\textbf {startwaarden}\\\hline \rule {0pt}{2.6ex}1&$I\,=\,U_b/ (R_3+ R_{1,2}/ 2)$&$t=\ptcTqty $\\\rule {0pt}{2.6ex}2&$U_{1,2}\,=\,I\cdot   R_{1,2}/ 2$&$dt=\ptcDtqty $\\\rule {0pt}{2.6ex}3&$U_3\,=\,I\cdot   R_3$&$U_b=\ptcUbqty $\\\rule {0pt}{2.6ex}4&$P_{1,2}\,=\,I^2 \cdot   R_{1,2}/ 4$&$T_0=\ptcTnulqty $\\\rule {0pt}{2.6ex}5&$P_3\,=\,I^2 \cdot   R_3$&$R_0=\ptcRnulqty $\\\rule {0pt}{2.6ex}6&$T_{1,2}\,=\,T_{1,2}+ P_{1,2}\cdot   dt/ mc- \mitvarepsilon \mitsigma A\cdot   T_{1,2}^4 \cdot   dt/ mc$&$\mitalpha =\ptcWtcqty $\\\rule {0pt}{2.6ex}7&$T_3\,=\,T_3+ P_3\cdot   dt/ mc- \mitvarepsilon \mitsigma A\cdot   T_3^4 \cdot   dt/ mc$&$\mitvarepsilon \mitsigma A=\ptcSBqty $\\\rule {0pt}{2.6ex}8&$R_{1,2}\,=\,R_0\cdot   (1 + \mitalpha \cdot   (T_{1,2}- T_0))$&$mc=\ptcMcqty $\\\rule {0pt}{2.6ex}9&$R_3\,=\,R_0\cdot   (1 + \mitalpha \cdot   (T_3- T_0))$&$I=\ptcIqty $\\\rule {0pt}{2.6ex}10&$t\,=\,t+ dt$&$R_3=\ptcRserqty $\\\rule {0pt}{2.6ex}11&$\protect \protect \unhbox \voidb@x \hbox {Als }t\geqslant   0.3\protect \protect \unhbox \voidb@x \hbox { Dan}\protect \protect \unhbox \voidb@x \hbox { Stop }\protect \protect \unhbox \voidb@x \hbox {EindAls}$&
TEXTMODEL table: \begin {tblr}[theme={numodel}]{colspec={r|l|l},rowhead=1}&\textbf {model}&\textbf {startwaarden}\\\hline \rule {0pt}{2.6ex}1&$I\,=\,U_b/ (R_3+ R_{1,2}/ 2)$&$t=\ptcTqty $\\\rule {0pt}{2.6ex}2&$U_{1,2}\,=\,I\cdot   R_{1,2}/ 2$&$dt=\ptcDtqty $\\\rule {0pt}{2.6ex}3&$U_3\,=\,I\cdot   R_3$&$U_b=\ptcUbqty $\\\rule {0pt}{2.6ex}4&$P_{1,2}\,=\,I^2 \cdot   R_{1,2}/ 4$&$T_0=\ptcTnulqty $\\\rule {0pt}{2.6ex}5&$P_3\,=\,I^2 \cdot   R_3$&$R_0=\ptcRnulqty $\\\rule {0pt}{2.6ex}6&$T_{1,2}\,=\,T_{1,2}+ P_{1,2}\cdot   dt/ mc- \mitvarepsilon \mitsigma A\cdot   T_{1,2}^4 \cdot   dt/ mc$&$\mitalpha =\ptcWtcqty $\\\rule {0pt}{2.6ex}7&$T_3\,=\,T_3+ P_3\cdot   dt/ mc- \mitvarepsilon \mitsigma A\cdot   T_3^4 \cdot   dt/ mc$&$\mitvarepsilon \mitsigma A=\ptcSBqty $\\\rule {0pt}{2.6ex}8&$R_{1,2}\,=\,R_0\cdot   (1 + \mitalpha \cdot   (T_{1,2}- T_0))$&$mc=\ptcMcqty $\\\rule {0pt}{2.6ex}9&$R_3\,=\,R_0\cdot   (1 + \mitalpha \cdot   (T_3- T_0))$&$I=\ptcIqty $\\\rule {0pt}{2.6ex}10&$t\,=\,t+ dt$&$R_3=\ptcRserqty $\\\rule {0pt}{2.6ex}11&$\protect \protect \unhbox \voidb@x \hbox {Als }t\geqslant   0.3\protect \protect \unhbox \voidb@x \hbox { Dan}\protect \protect \unhbox \voidb@x \hbox { Stop }\protect \protect \unhbox \voidb@x \hbox {EindAls}$&$R_{1,2}=\ptcRparqty $\\&&$U_{1,2}=\ptcUparqty $\\&&$U_3=\ptcUserqty $\\&&$P_3=\ptcPserqty $\\&&$P_{1,2}=\ptcPparqty $\\&&$T_3=\ptcTserqty $\\&&$T_{1,2}=\ptcTparqty $\\\end {tblr}
TEXTMODEL done
BUILD: step 0 reset auto-positions
BUILD: step 1 lua layout writeback
BUILD: step 2 tikzpicture
NODE: ptcT
NODE: ptcDt
NODE: ptcUb
NODE: ptcTnul
NODE: ptcRnul
NODE: ptcWtc
NODE: ptcSB
NODE: ptcMc
NODE: ptcI
NODE: ptcRser
NODE: ptcRpar
NODE: ptcUpar
NODE: ptcUser
NODE: ptcPser
NODE: ptcPpar
NODE: ptcTser
NODE: ptcTpar
BUILD: step 5 stock-valve nodes
BUILD: step 6 flow arrows
BUILD: step 6a valve nodes
BUILD: step 6b+7 causal arrows (Lua)
BUILD: step 8 done
COMPUTE start
COMPUTE done
[7] [8] [9] [10]
This exam contains 9 questions with 0 parts, 0 subparts, and 0 subsubparts.
This exam has a total of 46 points.
This exam has a total of 0 bonus points.

Class exam Warning: Point totals have changed. Rerun to get point totals right.

("./Artikel gloeilamp.aux")
 ***********
LaTeX2e <2025-11-01>
L3 programming layer <2026-01-19>
 ***********


LaTeX Warning: Label(s) may have changed. Rerun to get cross-references right.

Package rerunfilecheck Info: File `"Artikel gloeilamp".out' has not changed.
(rerunfilecheck)             Checksum: <no file>.
)

Here is how much of LuaTeX's memory you used:
 70976 strings out of 476076
 745119,5906145 words of node,token memory allocated
 1162 words of node memory still in use:
   7 hlist, 2 vlist, 2 rule, 3 glue, 4 kern, 1 glyph, 116 attribute, 118 glue_spec, 59 attribute_list, 3 write nodes
   avail lists: 1:6,2:153501,3:97199,4:111,5:497,6:133,7:7876,8:60,9:2626,10:13,11:502
 92210 multiletter control sequences out of 65536+600000
 143 fonts using 56830775 bytes
 91i,19n,121p,771b,3242s stack positions out of 10000i,1000n,20000p,200000b,200000s
<c:/texlive/2025/texmf-dist/fonts/opentype/public/lm/lmmono9-regular.otf><c:/texlive/2025/texmf-dist/fonts/opentype/public/lm/lmmono10-regular.otf><c:/texlive/2025/texmf-dist/fonts/opentype/public/lete-sans-math/LeteSansMath.otf><c:/texlive/2025/texmf-dist/fonts/opentype/public/lete-sans-math/LeteSansMath.otf><c:/Windows/Fonts/ARIALNI.TTF><c:/texlive/2025/texmf-dist/fonts/opentype/public/lete-sans-math/LeteSansMath.otf><c:/Windows/Fonts/arial.ttf><c:/Windows/Fonts/arialbd.ttf>
Output written on Artikel gloeilamp.pdf (10 pages, 597920 bytes).

PDF statistics: 170 PDF objects out of 1000 (max. 8388607)
 132 compressed objects within 2 object streams
 44 named destinations out of 1000 (max. 1048576)
 16 words of extra memory for PDF output out of 10000 (max. 100000000)

